{"loss_lip": 0.05578421801328659, "_timestamp": 1741014715.4013839, "_runtime": 3309.7129769325256, "_step": 44295, "logsumexp_h": 2.2030081067766463, "train_loss_safe": 0.081931471824646, "train_loss_unsafe": 0.004639946855604649, "train_loss_grad": 0.7168319225311279, "train_loss_cql": 1.5226225852966309, "train_dynamics_loss": 0.006633870769292116, "train_cbf_loss": 2.3260259265080094, "train_total_loss": 2.3326597972773015, "train_avg_safe_B": 0.015462367795407772, "train_avg_unsafe_B": -0.3631918132305145, "train_safe_acc": 0.6974790096282959, "train_unsafe_acc": 1.0, "step": 13999, "val_loss_safe": 0.061580879427492616, "val_loss_unsafe": 0.01154291940620169, "val_loss_grad": 0.5964421078562736, "val_loss_cql": 1.5003687202930451, "val_cbf_loss": 0.669565906689968, "val_avg_safe_B": 0.03666747137904167, "val_avg_unsafe_B": -0.3783094972372055, "val_safe_acc": 0.7546804040670395, "val_unsafe_acc": 0.9812332093715668, "val_total_loss": 0.6782698427210562, "val_dynamics_loss": 0.008703936031088233, "_wandb": {"runtime": 3389}}