{"train_loss_safe": 0.029915127903223038, "train_loss_unsafe": 0.23763374984264374, "train_loss_grad": 0.003563152626156807, "train_loss_cql": 0.0, "train_dynamics_loss": 0.048392266035079956, "train_cbf_loss": 0.2711120303720236, "train_total_loss": 0.31950429640710354, "train_avg_safe_B": 0.05008487030863762, "train_avg_unsafe_B": 0.048028118908405304, "train_safe_acc": 1.0, "train_unsafe_acc": 0.0011718750465661287, "step": 507, "_timestamp": 1744523971.246563, "_runtime": 100.30569696426392, "_step": 508, "val_loss_safe": 0.026646750140935184, "val_loss_unsafe": 0.2426048994064331, "val_loss_grad": 0.006437789939809591, "val_loss_cql": 0.0, "val_cbf_loss": 0.2756894394871779, "val_avg_safe_B": 0.053399810940027236, "val_avg_unsafe_B": 0.05217073541134596, "val_safe_acc": 1.0, "val_unsafe_acc": 0.0, "val_total_loss": 0.32142735385568816, "val_dynamics_loss": 0.04573791436851025, "_wandb": {"runtime": 100}}