{"train_loss_safe": 0.14876310527324677, "train_loss_unsafe": 0.19299708306789398, "train_loss_grad": 0.08078602701425552, "train_avg_safe_B": 0.07519849389791489, "train_avg_unsafe_B": -0.05804755911231041, "train_total_loss": 0.42254621535539627, "train_safe_acc": 0.6319444179534912, "train_unsafe_acc": 0.5833333134651184, "step": 4216, "_timestamp": 1740366666.9474308, "_runtime": 14857.661591768265, "_step": 4238, "val_loss_safe": 0.12966536171734333, "val_loss_unsafe": 0.202950818836689, "val_loss_grad": 0.07004810739308595, "val_avg_safe_B": 0.09620455279946327, "val_avg_unsafe_B": -0.04793319705640897, "val_total_loss": 0.4026642879471183, "val_safe_acc": 0.6941479265689849, "val_unsafe_acc": 0.665173165500164, "_wandb": {"runtime": 14862}}