{"loss_lip": 0.09115272760391235, "_timestamp": 1741749070.281803, "_runtime": 3961.0102729797363, "_step": 44295, "logsumexp_h": 2.1192638874053955, "train_loss_safe": 0.010519225150346756, "train_loss_unsafe": 0.14951416850090027, "train_loss_grad": 3.8267688751220703, "train_loss_cql": 1.1731359958648682, "train_dynamics_loss": 0.1809919774532318, "train_cbf_loss": 5.1599382646381855, "train_total_loss": 5.340930242091417, "train_avg_safe_B": 0.9067363142967224, "train_avg_unsafe_B": -0.6855623126029968, "train_safe_acc": 0.9860464930534363, "train_unsafe_acc": 0.8292682766914368, "step": 13999, "val_loss_safe": 0.012468417827039956, "val_loss_unsafe": 0.184475189819932, "val_loss_grad": 4.604954016208649, "val_loss_cql": 1.219571703672409, "val_cbf_loss": 4.801897623855621, "val_avg_safe_B": 0.9011201173067093, "val_avg_unsafe_B": -0.620401731133461, "val_safe_acc": 0.9800229877233505, "val_unsafe_acc": 0.8064358502626419, "val_total_loss": 5.012632188666612, "val_dynamics_loss": 0.2107345648109913, "_wandb": {"runtime": 4040}}