{"train_loss_safe": 0.11917097866535187, "train_loss_unsafe": 0.0, "train_loss_grad": 0.011011451482772827, "train_avg_safe_B": 0.06082902476191521, "train_avg_unsafe_B": 0.0, "train_total_loss": 0.1301824301481247, "train_safe_acc": 1.0, "train_unsafe_acc": 0.0, "step": 616, "_timestamp": 1740372150.728574, "_runtime": 234.93567395210266, "_step": 620, "val_loss_safe": 0.12150256112217903, "val_loss_unsafe": 0.3019703790545464, "val_loss_grad": 0.004773524357005954, "val_avg_safe_B": 0.05849744565784931, "val_avg_unsafe_B": 0.04528491590172053, "val_total_loss": 0.4282464645337314, "val_safe_acc": 1.0, "val_unsafe_acc": 0.0, "_wandb": {"runtime": 239}}