{"loss_lip": 0.05478902533650398, "_timestamp": 1741791649.2451751, "_runtime": 3597.08438205719, "_step": 44295, "logsumexp_h": 2.8818278312683105, "train_loss_safe": 0.003779433434829116, "train_loss_unsafe": 0.0509268119931221, "train_loss_grad": 0.2764187157154083, "train_loss_cql": 0.2385161966085434, "train_dynamics_loss": 0.010267269797623158, "train_cbf_loss": 0.5696411577519029, "train_total_loss": 0.5799084275495261, "train_avg_safe_B": 0.4894619584083557, "train_avg_unsafe_B": -0.6920803785324097, "train_safe_acc": 0.9813953638076782, "train_unsafe_acc": 0.8780487775802612, "step": 13999, "val_loss_safe": 0.003383567402488552, "val_loss_unsafe": 0.05138698220252991, "val_loss_grad": 0.16384945437312126, "val_loss_cql": 0.23836384415626527, "val_cbf_loss": 0.21862000397813972, "val_avg_safe_B": 0.5035235643386841, "val_avg_unsafe_B": -0.6374249041080475, "val_safe_acc": 0.9858827590942383, "val_unsafe_acc": 0.8876733392477035, "val_total_loss": 0.23759178569016512, "val_dynamics_loss": 0.018971781712025404, "_wandb": {"runtime": 3676}}