{"loss_lip": 0.021306846290826797, "_timestamp": 1741810445.93961, "_runtime": 4291.962589025497, "_step": 44295, "logsumexp_h": 2.528875895908901, "train_loss_safe": 0.009184631519019604, "train_loss_unsafe": 0.031001240015029907, "train_loss_grad": 0.11215358972549438, "train_loss_cql": 0.1669354885816574, "train_dynamics_loss": 0.010267269797623158, "train_cbf_loss": 0.3192749498412013, "train_total_loss": 0.32954221963882446, "train_avg_safe_B": 0.0981997475028038, "train_avg_unsafe_B": -0.5826976895332336, "train_safe_acc": 0.9627906680107117, "train_unsafe_acc": 0.9268292784690857, "step": 13999, "val_loss_safe": 0.006756023247726261, "val_loss_unsafe": 0.03059228966012597, "val_loss_grad": 0.0636699884198606, "val_loss_cql": 0.16688257232308387, "val_cbf_loss": 0.10101830132771283, "val_avg_safe_B": 0.10223429761826992, "val_avg_unsafe_B": -0.5369660690426826, "val_safe_acc": 0.97526236474514, "val_unsafe_acc": 0.9175534188747406, "val_total_loss": 0.11999008303973824, "val_dynamics_loss": 0.018971781712025404, "_wandb": {"runtime": 4371}}