{"loss_lip": 0.021449826657772064, "_timestamp": 1741780503.205485, "_runtime": 3598.014142036438, "_step": 44295, "logsumexp_h": 2.4882330894470215, "train_loss_safe": 0.009387107565999031, "train_loss_unsafe": 0.030758986249566078, "train_loss_grad": 0.11396834254264832, "train_loss_cql": 0.23880866169929504, "train_dynamics_loss": 0.010267269797623158, "train_cbf_loss": 0.39292309805750847, "train_total_loss": 0.4031903678551316, "train_avg_safe_B": 0.09804923832416534, "train_avg_unsafe_B": -0.5852401256561279, "train_safe_acc": 0.9627906680107117, "train_unsafe_acc": 0.9268292784690857, "step": 13999, "val_loss_safe": 0.006892497418448329, "val_loss_unsafe": 0.030250184796750547, "val_loss_grad": 0.06425640741363167, "val_loss_cql": 0.23876999616622924, "val_cbf_loss": 0.10139908962883054, "val_avg_safe_B": 0.10220333710312843, "val_avg_unsafe_B": -0.5395291104912758, "val_safe_acc": 0.974781584739685, "val_unsafe_acc": 0.918247863650322, "val_total_loss": 0.12037087134085594, "val_dynamics_loss": 0.018971781712025404, "_wandb": {"runtime": 3677}}