{"loss_lip": 0.014379159547388554, "_timestamp": 1740617337.861661, "_runtime": 2660.3200969696045, "_step": 21049, "train_loss_safe": 0.006986296270042658, "train_loss_unsafe": 0.023933367803692818, "train_loss_grad": 0.06356867402791977, "train_dynamics_loss": 0.0045674266293644905, "train_cbf_loss": 0.09448833810165524, "train_total_loss": 0.09905576473101974, "train_avg_safe_B": 0.08444773405790329, "train_avg_unsafe_B": -0.15121285617351532, "train_safe_acc": 0.9292035102844238, "train_unsafe_acc": 0.9333333373069763, "step": 9999, "val_loss_safe": 0.006114105810411274, "val_loss_unsafe": 0.03299621614496573, "val_loss_grad": 0.05076412465423345, "val_cbf_loss": 0.08987444660961046, "val_avg_safe_B": 0.08329041339457036, "val_avg_unsafe_B": -0.13528281264007092, "val_safe_acc": 0.9579017132520675, "val_unsafe_acc": 0.8863790094852447, "val_total_loss": 0.09979461214607, "val_dynamics_loss": 0.009920165536459535, "_wandb": {"runtime": 2739}}