{"train_loss": 0.999099850654602, "step": 100, "_timestamp": 1740269687.7563798, "_runtime": 74.2796938419342, "_step": 101, "eval_loss": 1.3931633591651917, "_wandb": {"runtime": 146}}