{"train_loss_safe": 0.004503787495195866, "train_loss_unsafe": 0.04315026104450226, "train_loss_grad": 0.2063366025686264, "train_dynamics_loss": 0.005733096972107887, "train_cbf_loss": 0.2539906511083245, "train_total_loss": 0.2597237480804324, "train_avg_safe_B": 0.20236606895923615, "train_avg_unsafe_B": -0.23547358810901642, "train_safe_acc": 0.9655172228813171, "train_unsafe_acc": 0.9166666865348816, "step": 3415, "_timestamp": 1740610822.8841841, "_runtime": 923.2154681682587, "_step": 3432, "val_loss_safe": 0.0063390727154910564, "val_loss_unsafe": 0.05390332991955802, "val_loss_grad": 0.1449352227151394, "val_cbf_loss": 0.20517762535018846, "val_avg_safe_B": 0.18341668620705603, "val_avg_unsafe_B": -0.21919475495815277, "val_safe_acc": 0.9598157495260239, "val_unsafe_acc": 0.8691404432058334, "val_total_loss": 0.21704647630685941, "val_dynamics_loss": 0.01186885095667094, "_wandb": {"runtime": 927}}