{"loss_lip": 0.09597539156675339, "_timestamp": 1740990942.2890291, "_runtime": 3323.534247159958, "_step": 44295, "logsumexp_h": 3.251349449157715, "train_loss_safe": 0.01845269650220871, "train_loss_unsafe": 0.050124362111091614, "train_loss_grad": 0.5676703453063965, "train_loss_cql": 1.0483001470565796, "train_dynamics_loss": 0.006633870769292116, "train_cbf_loss": 1.6845475509762764, "train_total_loss": 1.6911814217455685, "train_avg_safe_B": 0.5262336730957031, "train_avg_unsafe_B": -0.4376268982887268, "train_safe_acc": 0.924369752407074, "train_unsafe_acc": 0.8888888955116272, "step": 13999, "val_loss_safe": 0.007594277441967279, "val_loss_unsafe": 0.05776106556877494, "val_loss_grad": 0.49759837090969083, "val_loss_cql": 1.0126381307840346, "val_cbf_loss": 0.562953713920433, "val_avg_safe_B": 0.587777066230774, "val_avg_unsafe_B": -0.40597195401787756, "val_safe_acc": 0.9697223007678986, "val_unsafe_acc": 0.9097842454910279, "val_total_loss": 0.5716576499515212, "val_dynamics_loss": 0.008703936031088233, "_wandb": {"runtime": 3403}}