{"loss_lip": 0.0031123319640755653, "_timestamp": 1745788382.5757859, "_runtime": 16.73581075668335, "_step": 211, "logsumexp_h": 2.452153444290161, "train_loss_safe": 0.026037616655230522, "train_loss_unsafe": 0.21005861461162567, "train_loss_grad": 0.0, "train_loss_cql": 2.3976738452911377, "train_dynamics_loss": 0.24841435253620148, "train_cbf_loss": 2.633770076557994, "train_total_loss": 2.8821844290941954, "train_avg_safe_B": 0.053962383419275284, "train_avg_unsafe_B": 0.025048837065696716, "train_safe_acc": 1.0, "train_unsafe_acc": 0.0, "step": 69, "_wandb": {"runtime": 16}}