{"loss_lip": 0.10344737768173218, "_timestamp": 1740982306.453059, "_runtime": 3418.365282058716, "_step": 44295, "logsumexp_h": 2.9917345728193014, "train_loss_safe": 0.022689972072839737, "train_loss_unsafe": 0.050614822655916214, "train_loss_grad": 0.7030861377716064, "train_loss_cql": 1.49978768825531, "train_dynamics_loss": 0.006633870769292116, "train_cbf_loss": 2.2761786207556725, "train_total_loss": 2.2828124915249646, "train_avg_safe_B": 0.5450863242149353, "train_avg_unsafe_B": -0.5173349976539612, "train_safe_acc": 0.924369752407074, "train_unsafe_acc": 0.8888888955116272, "step": 13999, "val_loss_safe": 0.009775677032303065, "val_loss_unsafe": 0.056211890932172534, "val_loss_grad": 0.5796283274888993, "val_loss_cql": 1.4580269932746888, "val_cbf_loss": 0.6456158954533748, "val_avg_safe_B": 0.6115456104278565, "val_avg_unsafe_B": -0.47699872553348543, "val_safe_acc": 0.9667544066905975, "val_unsafe_acc": 0.9097842454910279, "val_total_loss": 0.654319831484463, "val_dynamics_loss": 0.008703936031088233, "_wandb": {"runtime": 3498}}