{"train_loss_safe": 0.01264373492449522, "train_loss_unsafe": 0.012783066369593143, "train_loss_grad": 0.5105357766151428, "train_dynamics_loss": 0.3539491593837738, "train_cbf_loss": 0.5359625779092312, "train_total_loss": 0.889911737293005, "train_avg_safe_B": 0.6703937649726868, "train_avg_unsafe_B": -0.25082194805145264, "train_safe_acc": 0.939130425453186, "train_unsafe_acc": 1.0, "step": 9999, "_timestamp": 1740514192.81848, "_runtime": 2910.2799320220947, "_step": 10049, "val_loss_safe": 0.02494319654069841, "val_loss_unsafe": 0.027459480112884193, "val_loss_grad": 0.42831304743885995, "val_cbf_loss": 0.48071572409244256, "val_avg_safe_B": 0.6082779973745346, "val_avg_unsafe_B": -0.26777414195239546, "val_safe_acc": 0.876065057516098, "val_unsafe_acc": 0.9375033348798751, "val_total_loss": 0.8722312472877093, "val_dynamics_loss": 0.3915155231952667, "_wandb": {"runtime": 2989}}