{"loss_lip": 0.0050983550027012825, "_timestamp": 1745788358.462848, "_runtime": 21.25797986984253, "_step": 580, "logsumexp_h": 2.429093599319458, "train_loss_safe": 0.046730272471904755, "train_loss_unsafe": 0.0, "train_loss_grad": 0.03553694486618042, "train_loss_cql": 2.396688461303711, "train_dynamics_loss": 0.03718898072838783, "train_cbf_loss": 2.478955678641796, "train_total_loss": 2.516144659370184, "train_avg_safe_B": 0.0332697294652462, "train_avg_unsafe_B": 0.0, "train_safe_acc": 1.0, "train_unsafe_acc": 0.0, "step": 192, "_wandb": {"runtime": 20}}