{"train_loss_safe": 0.0006683433894068003, "train_loss_unsafe": 0.20794489979743958, "train_loss_grad": 0.15684352815151215, "train_dynamics_loss": 0.009287369437515736, "train_cbf_loss": 0.3654567713383585, "train_total_loss": 0.37474414077587426, "train_avg_safe_B": 0.7789836525917053, "train_avg_unsafe_B": -0.14203140139579773, "train_safe_acc": 0.9916666746139526, "train_unsafe_acc": 0.75, "step": 5615, "_timestamp": 1740540102.233145, "_runtime": 1513.1065480709076, "_step": 5643, "val_loss_safe": 0.004511122271651402, "val_loss_unsafe": 0.07325077450368553, "val_loss_grad": 0.21247651502490045, "val_cbf_loss": 0.29023841180023735, "val_avg_safe_B": 0.7884680926799774, "val_avg_unsafe_B": -0.34499379694461824, "val_safe_acc": 0.9784516155719757, "val_unsafe_acc": 0.8749694734811783, "val_total_loss": 0.30824794110958464, "val_dynamics_loss": 0.018009529309347273, "_wandb": {"runtime": 1513}}