{"loss_lip": 0.01624690741300583, "_timestamp": 1740630972.8276448, "_runtime": 12715.550805807114, "_step": 42099, "train_loss_safe": 0.004446412902325392, "train_loss_unsafe": 0.07016386091709137, "train_loss_grad": 0.05796004459261894, "train_dynamics_loss": 0.007559469435364008, "train_cbf_loss": 0.1325703184120357, "train_total_loss": 0.1401297878473997, "train_avg_safe_B": 0.11802525818347931, "train_avg_unsafe_B": -0.09430311620235443, "train_safe_acc": 0.9824561476707458, "train_unsafe_acc": 0.7857142686843872, "step": 19999, "val_loss_safe": 0.0071471203351393345, "val_loss_unsafe": 0.035535393515601754, "val_loss_grad": 0.05638621188700199, "val_cbf_loss": 0.09906872573774309, "val_avg_safe_B": 0.10534639060497283, "val_avg_unsafe_B": -0.13063734918832778, "val_safe_acc": 0.9620526373386383, "val_unsafe_acc": 0.8920873701572418, "val_total_loss": 0.10506468484527431, "val_dynamics_loss": 0.005995959107531234, "_wandb": {"runtime": 12795}}