{"loss_lip": 0.022939935326576233, "_timestamp": 1741821448.1450481, "_runtime": 3723.441823244095, "_step": 44295, "logsumexp_h": 2.611103909356254, "train_loss_safe": 0.005415858700871468, "train_loss_unsafe": 0.048324111849069595, "train_loss_grad": 0.07231739163398743, "train_loss_cql": 0.16612891852855682, "train_dynamics_loss": 0.007079379633069038, "train_cbf_loss": 0.2921862807124853, "train_total_loss": 0.29926566034555435, "train_avg_safe_B": 0.17329473793506622, "train_avg_unsafe_B": -0.15016275644302368, "train_safe_acc": 0.969565212726593, "train_unsafe_acc": 0.8846153616905212, "step": 13999, "val_loss_safe": 0.006090176396537572, "val_loss_unsafe": 0.036738482862710954, "val_loss_grad": 0.05797459846362472, "val_loss_cql": 0.16608379408717155, "val_cbf_loss": 0.10080325772287324, "val_avg_safe_B": 0.16981202363967896, "val_avg_unsafe_B": -0.16856783702969552, "val_safe_acc": 0.968937537074089, "val_unsafe_acc": 0.8940259933471679, "val_total_loss": 0.10574560590321198, "val_dynamics_loss": 0.0049423481803387405, "_wandb": {"runtime": 3803}}