{"loss_lip": 0.02775309421122074, "_timestamp": 1741740740.285815, "_runtime": 8647.482887029648, "_step": 44295, "logsumexp_h": 2.282569408416748, "train_loss_safe": 0.023733027279376984, "train_loss_unsafe": 0.016499651595950127, "train_loss_grad": 4.216835021972656, "train_loss_cql": 1.5161434412002563, "train_dynamics_loss": 2.1823456287384033, "train_cbf_loss": 5.77321114204824, "train_total_loss": 7.955556770786643, "train_avg_safe_B": 0.08384867757558823, "train_avg_unsafe_B": -0.21184290945529938, "train_safe_acc": 0.8999999761581421, "train_unsafe_acc": 0.9230769276618958, "step": 13999, "val_loss_safe": 0.020338689815253018, "val_loss_unsafe": 0.023523844894953072, "val_loss_grad": 5.094186639785766, "val_loss_cql": 1.5137940764427185, "val_cbf_loss": 5.138049174495972, "val_avg_safe_B": 0.08654554411768914, "val_avg_unsafe_B": -0.21259144991636275, "val_safe_acc": 0.9097398430109024, "val_unsafe_acc": 0.9308914631605149, "val_total_loss": 7.674610985466279, "val_dynamics_loss": 2.5365618109703063, "_wandb": {"runtime": 8825}}