{"train_loss_safe": 0.019265955314040184, "train_loss_unsafe": 0.09048861265182495, "train_loss_grad": 0.15542002022266388, "train_loss_cql": 0.0, "train_dynamics_loss": 0.00022352034284267575, "train_cbf_loss": 0.265174588188529, "train_total_loss": 0.2653981085313717, "train_avg_safe_B": 0.1007453128695488, "train_avg_unsafe_B": -0.17141929268836975, "train_safe_acc": 0.9055117964744568, "train_unsafe_acc": 0.7393238544464111, "step": 14999, "_timestamp": 1744415020.6985111, "_runtime": 3484.6094551086426, "_step": 15049, "val_loss_safe": 0.016879449831321836, "val_loss_unsafe": 0.08911271691322327, "val_loss_grad": 0.12302354350686073, "val_loss_cql": 0.0, "val_cbf_loss": 0.22901571025140582, "val_avg_safe_B": 0.10253041833639145, "val_avg_unsafe_B": -0.17517832666635513, "val_safe_acc": 0.9211601465940475, "val_unsafe_acc": 0.7345435976982116, "val_total_loss": 0.2293916245107539, "val_dynamics_loss": 0.00037591425934806465, "_wandb": {"runtime": 3564}}