{"loss_lip": 0.0546000711619854, "_timestamp": 1741818662.658161, "_runtime": 3849.4974529743195, "_step": 44295, "logsumexp_h": 2.8822882175445557, "train_loss_safe": 0.0036994977854192257, "train_loss_unsafe": 0.05029737204313278, "train_loss_grad": 0.2770386040210724, "train_loss_cql": 0.23819079995155334, "train_dynamics_loss": 0.010267269797623158, "train_cbf_loss": 0.5692262738011777, "train_total_loss": 0.5794935435988009, "train_avg_safe_B": 0.4896484315395355, "train_avg_unsafe_B": -0.6920956373214722, "train_safe_acc": 0.9813953638076782, "train_unsafe_acc": 0.8780487775802612, "step": 13999, "val_loss_safe": 0.0033350951969623567, "val_loss_unsafe": 0.05171417240053415, "val_loss_grad": 0.16441462337970733, "val_loss_cql": 0.23838837593793868, "val_cbf_loss": 0.21946389097720384, "val_avg_safe_B": 0.5038892582058907, "val_avg_unsafe_B": -0.6364130228757858, "val_safe_acc": 0.9863660305738449, "val_unsafe_acc": 0.8876733392477035, "val_total_loss": 0.23843567268922924, "val_dynamics_loss": 0.018971781712025404, "_wandb": {"runtime": 3929}}