{"train_loss_safe": 0.11371470242738724, "train_loss_unsafe": 0.2797417640686035, "train_loss_grad": 0.23053334653377533, "train_loss_cql": 0.0, "train_dynamics_loss": 0.0019889469258487225, "train_cbf_loss": 0.6239898130297661, "train_total_loss": 0.6259787599556148, "train_avg_safe_B": -0.0335971862077713, "train_avg_unsafe_B": -0.1969110667705536, "train_safe_acc": 0.37254902720451355, "train_unsafe_acc": 0.8851562738418579, "step": 1215, "_timestamp": 1744523837.527908, "_runtime": 294.7560729980469, "_step": 1219, "val_loss_safe": 0.11813970990478992, "val_loss_unsafe": 0.27994774729013444, "val_loss_grad": 0.21215114817023278, "val_loss_cql": 0.0, "val_cbf_loss": 0.6102386053651572, "val_avg_safe_B": -0.03796169301494956, "val_avg_unsafe_B": -0.19641969203948975, "val_safe_acc": 0.34833488464355467, "val_unsafe_acc": 0.8926757842302322, "val_total_loss": 0.6129044495231938, "val_dynamics_loss": 0.0026658441580366342, "_wandb": {"runtime": 295}}