{"train_loss_safe": 0.004827847704291344, "train_loss_unsafe": 0.08010560274124146, "train_loss_grad": 0.1931275576353073, "train_loss_cql": 0.0, "train_dynamics_loss": 0.003111437428742647, "train_cbf_loss": 0.2780610080808401, "train_total_loss": 0.28117244550958276, "train_avg_safe_B": 0.29267609119415283, "train_avg_unsafe_B": -0.3349361717700958, "train_safe_acc": 0.9842519760131836, "train_unsafe_acc": 0.8082802295684814, "step": 14999, "_timestamp": 1744512329.6493828, "_runtime": 9994.436434745789, "_step": 15049, "val_loss_safe": 0.007736021257005632, "val_loss_unsafe": 0.07615894339978695, "val_loss_grad": 0.22006243057549, "val_loss_cql": 0.0, "val_cbf_loss": 0.3039573952322826, "val_avg_safe_B": 0.3027285560965538, "val_avg_unsafe_B": -0.3516466453671455, "val_safe_acc": 0.9656293421983719, "val_unsafe_acc": 0.8242029905319214, "val_total_loss": 0.3043953084175883, "val_dynamics_loss": 0.0004379131853056606, "_wandb": {"runtime": 10074}}