{"train_loss": 1.2036702632904053, "step": 0, "_timestamp": 1740095007.838948, "_runtime": 15.360440015792847, "_step": 0, "_wandb": {"runtime": 15}}