{"loss_lip": 0.05208306387066841, "_timestamp": 1740966146.255695, "_runtime": 1179.8894741535187, "_step": 9293, "train_loss_safe": 0.05091557651758194, "train_loss_unsafe": 0.12994427978992462, "train_loss_grad": 0.00696161761879921, "train_loss_cql": 0.0, "train_dynamics_loss": 0.028222039341926575, "train_cbf_loss": 0.18782147392630577, "train_total_loss": 0.21604351326823235, "train_avg_safe_B": 0.0490909144282341, "train_avg_unsafe_B": -0.050042860209941864, "train_safe_acc": 0.9831932783126831, "train_unsafe_acc": 0.8888888955116272, "step": 4415, "val_loss_safe": 0.0458255410194397, "val_loss_unsafe": 0.1374477483332157, "val_loss_grad": 0.009503101604059339, "val_loss_cql": 0.0, "val_cbf_loss": 0.19277639095671475, "val_avg_safe_B": 0.054432233795523643, "val_avg_unsafe_B": -0.04706269702874124, "val_safe_acc": 0.9767126679420471, "val_unsafe_acc": 0.7094247698783874, "val_total_loss": 0.2052723214495927, "val_dynamics_loss": 0.01249593049287796, "_wandb": {"runtime": 1179}}