{"train_loss_safe": 0.11274482309818268, "train_loss_unsafe": 0.11081472039222717, "train_loss_grad": 0.07540573179721832, "train_avg_safe_B": 0.01750093698501587, "train_avg_unsafe_B": -0.06905440241098404, "train_total_loss": 0.2989652752876282, "train_safe_acc": 0.5267489552497864, "train_unsafe_acc": 0.692307710647583, "step": 2416, "_timestamp": 1740343587.7151492, "_runtime": 744.6438250541687, "_step": 2429, "val_loss_safe": 0.062292202934622766, "val_loss_unsafe": 0.1630116102285683, "val_loss_grad": 0.042179635539650914, "val_avg_safe_B": 0.09258397042751312, "val_avg_unsafe_B": -0.026862067598849536, "val_total_loss": 0.26748344870284196, "val_safe_acc": 0.015669291019439698, "val_unsafe_acc": 0.01, "_wandb": {"runtime": 745}}