{"train_loss_safe": 0.007146498654037714, "train_loss_unsafe": 0.08749555051326752, "train_loss_grad": 0.004695286974310875, "train_dynamics_loss": 0.015452491119503975, "train_cbf_loss": 0.0993373361416161, "train_total_loss": 0.11478982726112008, "train_avg_safe_B": 0.06825941801071167, "train_avg_unsafe_B": 0.003092948580160737, "train_safe_acc": 0.991150438785553, "train_unsafe_acc": 0.4000000059604645, "step": 5615, "_timestamp": 1740593197.49247, "_runtime": 1481.7794511318207, "_step": 5643, "val_loss_safe": 0.007114585861563683, "val_loss_unsafe": 0.0711774243041873, "val_loss_grad": 0.018969160137930884, "val_cbf_loss": 0.09726117030368188, "val_avg_safe_B": 0.06899810284376144, "val_avg_unsafe_B": -0.010892064291692805, "val_safe_acc": 0.9893096596002579, "val_unsafe_acc": 0.54648005515337, "val_total_loss": 0.10679210844100455, "val_dynamics_loss": 0.009530938137322665, "_wandb": {"runtime": 1486}}