{"loss_lip": 0.026318680495023727, "_timestamp": 1740862239.49022, "_runtime": 5374.80023598671, "_step": 42099, "train_loss_safe": 0.02371758036315441, "train_loss_unsafe": 0.06361095607280731, "train_loss_grad": 0.003982968162745237, "train_dynamics_loss": 0.0031015067361295223, "train_cbf_loss": 0.09131150459870696, "train_total_loss": 0.09441301133483648, "train_avg_safe_B": 0.08106562495231628, "train_avg_unsafe_B": -0.12766526639461517, "train_safe_acc": 0.9333333373069763, "train_unsafe_acc": 0.875, "step": 19999, "val_loss_safe": 0.020160396676510574, "val_loss_unsafe": 0.04020804380998015, "val_loss_grad": 0.003521506433025934, "val_cbf_loss": 0.06388994691951666, "val_avg_safe_B": 0.08469182141125202, "val_avg_unsafe_B": -0.16555081233382224, "val_safe_acc": 0.937364685535431, "val_unsafe_acc": 0.9082446366548538, "val_total_loss": 0.06950525192369242, "val_dynamics_loss": 0.005615305004175753, "_wandb": {"runtime": 5454}}