{"train_loss_safe": 0.014140724204480648, "train_loss_unsafe": 0.07156682014465332, "train_loss_grad": 0.1895274817943573, "train_dynamics_loss": 0.014957411214709282, "train_cbf_loss": 0.27523502614349127, "train_total_loss": 0.29019243735820055, "train_avg_safe_B": 0.7880418300628662, "train_avg_unsafe_B": -0.5213794708251953, "train_safe_acc": 0.9658119678497314, "train_unsafe_acc": 0.9090909361839294, "step": 7815, "_timestamp": 1740550302.0745668, "_runtime": 2085.4240539073944, "_step": 7854, "val_loss_safe": 0.004394013661658392, "val_loss_unsafe": 0.07890753871761262, "val_loss_grad": 0.25082021169364455, "val_cbf_loss": 0.33412176407291555, "val_avg_safe_B": 0.8241753876209259, "val_avg_unsafe_B": -0.4927737317979336, "val_safe_acc": 0.9827596813440322, "val_unsafe_acc": 0.8824801594018936, "val_total_loss": 0.3474153364019003, "val_dynamics_loss": 0.013293572328984737, "_wandb": {"runtime": 2090}}