{"loss_lip": 0.07371661812067032, "_timestamp": 1741727525.261416, "_runtime": 3399.8326489925385, "_step": 29175, "train_loss_safe": 0.0017249858938157558, "train_loss_unsafe": 0.15138593316078186, "train_loss_grad": 3.1642074584960938, "train_loss_cql": 0.0, "train_dynamics_loss": 0.1809919774532318, "train_cbf_loss": 3.3173183775506914, "train_total_loss": 3.498310355003923, "train_avg_safe_B": 0.9400660395622253, "train_avg_unsafe_B": -0.6828173995018005, "train_safe_acc": 0.9953488111495972, "train_unsafe_acc": 0.8292682766914368, "step": 13999, "val_loss_safe": 0.0020423548528924586, "val_loss_unsafe": 0.1680610403418541, "val_loss_grad": 2.702468341588974, "val_loss_cql": 0.0, "val_cbf_loss": 2.8725717367837205, "val_avg_safe_B": 0.95003722012043, "val_avg_unsafe_B": -0.630197936296463, "val_safe_acc": 0.9965680062770843, "val_unsafe_acc": 0.8120718359947204, "val_total_loss": 3.0833063015947118, "val_dynamics_loss": 0.2107345648109913, "_wandb": {"runtime": 3479}}