{"train_loss": 0.5898330807685852, "step": 2600, "_timestamp": 1740271952.517014, "_runtime": 1460.7845270633698, "_step": 2626, "eval_loss": 0.6222131687402725, "_wandb": {"runtime": 1468}}