{"train_loss": 1.2036702632904053, "step": 0, "_timestamp": 1740094547.145679, "_runtime": 15.684684038162231, "_step": 0, "_wandb": {"runtime": 24}}