{"train_loss_safe": 0.010693902149796486, "train_loss_unsafe": 0.2630840539932251, "train_loss_grad": 0.0, "train_loss_cql": 0.0, "train_dynamics_loss": 0.2621380090713501, "train_cbf_loss": 0.2737779561430216, "train_total_loss": 0.5359159652143717, "train_avg_safe_B": 0.06933781504631042, "train_avg_unsafe_B": 0.06923671066761017, "train_safe_acc": 1.0, "train_unsafe_acc": 0.0, "step": 7, "_timestamp": 1744416352.9110432, "_runtime": 14.769702196121216, "_step": 7, "_wandb": {"runtime": 14}}