{"loss_lip": 0.07950595021247864, "_timestamp": 1740903331.147656, "_runtime": 5985.244397878647, "_step": 42099, "train_loss_safe": 0.003545559011399746, "train_loss_unsafe": 0.19509562849998474, "train_loss_grad": 0.3009835481643677, "train_loss_cql": 1.5100535154342651, "train_dynamics_loss": 0.006972283590584993, "train_cbf_loss": 2.0096782511100173, "train_total_loss": 2.0166505347006023, "train_avg_safe_B": 0.48588091135025024, "train_avg_unsafe_B": -0.08281899243593216, "train_safe_acc": 0.991525411605835, "train_unsafe_acc": 0.699999988079071, "step": 19999, "val_loss_safe": 0.00604837053688243, "val_loss_unsafe": 0.07725568710593507, "val_loss_grad": 0.33694223016500474, "val_loss_cql": 1.504229348897934, "val_cbf_loss": 1.9244756367057563, "val_avg_safe_B": 0.4600038006901741, "val_avg_unsafe_B": -0.16208070777356626, "val_safe_acc": 0.9773106008768082, "val_unsafe_acc": 0.8720761924982071, "val_total_loss": 1.9293884862679989, "val_dynamics_loss": 0.004912849562242627, "_wandb": {"runtime": 6065}}