{"loss_lip": 0.025423340499401093, "_timestamp": 1741896725.042922, "_runtime": 11532.483933925629, "_step": 142184}