{"train_loss_safe": 0.11273091286420822, "train_loss_unsafe": 0.3658001720905304, "train_loss_grad": 0.00541938841342926, "train_avg_safe_B": 0.06726909428834915, "train_avg_unsafe_B": 0.06138477101922035, "train_total_loss": 0.4839504733681679, "train_safe_acc": 1.0, "train_unsafe_acc": 0.0, "step": 816, "_timestamp": 1740371886.337672, "_runtime": 287.29245805740356, "_step": 821, "val_loss_safe": 0.11464714966714382, "val_loss_unsafe": 0.34688620567321776, "val_loss_grad": 0.0023464727710234, "val_avg_safe_B": 0.06535285599529743, "val_avg_unsafe_B": 0.05783555302768946, "val_total_loss": 0.46387982811138495, "val_safe_acc": 1.0, "val_unsafe_acc": 0.0, "_wandb": {"runtime": 292}}