{"train_loss_safe": 0.12213794142007828, "train_loss_unsafe": 0.24937887489795685, "train_loss_grad": 0.47127026319503784, "train_loss_cql": 0.0, "train_dynamics_loss": 0.010755236260592937, "train_cbf_loss": 0.842787079513073, "train_total_loss": 0.8535423157736659, "train_avg_safe_B": -0.015309004113078117, "train_avg_unsafe_B": -0.19986020028591156, "train_safe_acc": 0.54296875, "train_unsafe_acc": 0.857421875, "step": 14999, "_timestamp": 1744527345.393518, "_runtime": 3353.0526678562164, "_step": 15049, "val_loss_safe": 0.11302085369825363, "val_loss_unsafe": 0.23685683980584143, "val_loss_grad": 0.5942874178290367, "val_loss_cql": 0.0, "val_cbf_loss": 0.9441651113331317, "val_avg_safe_B": -0.003491484731785022, "val_avg_unsafe_B": -0.20805907249450684, "val_safe_acc": 0.538000476360321, "val_unsafe_acc": 0.8676562428474426, "val_total_loss": 0.9546071025310083, "val_dynamics_loss": 0.010441991197876633, "_wandb": {"runtime": 3432}}