{"loss_lip": 0.3094464838504791, "_timestamp": 1740987510.000778, "_runtime": 3342.499366044998, "_step": 44295, "logsumexp_h": 2.1585261821746826, "train_loss_safe": 0.2122451364994049, "train_loss_unsafe": 0.0657779797911644, "train_loss_grad": 2.6706595420837402, "train_loss_cql": 11.373126983642578, "train_dynamics_loss": 0.006633870769292116, "train_cbf_loss": 14.321809642016888, "train_total_loss": 14.32844351278618, "train_avg_safe_B": 0.40315738320350647, "train_avg_unsafe_B": -0.8107837438583374, "train_safe_acc": 0.7310924530029297, "train_unsafe_acc": 0.8888888955116272, "step": 13999, "val_loss_safe": 0.18463807925581932, "val_loss_unsafe": 0.08912719312356784, "val_loss_grad": 2.432945281267166, "val_loss_cql": 10.411293077468873, "val_cbf_loss": 2.706710553646553, "val_avg_safe_B": 0.47943518608808516, "val_avg_unsafe_B": -0.783610275387764, "val_safe_acc": 0.794178581237793, "val_unsafe_acc": 0.8996796280145645, "val_total_loss": 2.7154144896776415, "val_dynamics_loss": 0.008703936031088233, "_wandb": {"runtime": 3422}}