{"train_loss_safe": 0.06818684935569763, "train_loss_unsafe": 0.19386717677116394, "train_loss_grad": 0.018660593777894974, "train_loss_cql": 0.0, "train_dynamics_loss": 0.10588137060403824, "train_cbf_loss": 0.28071461990475655, "train_total_loss": 0.3865959905087948, "train_avg_safe_B": 0.011813150718808174, "train_avg_unsafe_B": 0.011555967852473259, "train_safe_acc": 0.9683794379234314, "train_unsafe_acc": 0.03585657477378845, "step": 14, "_timestamp": 1744513211.904255, "_runtime": 19.32522487640381, "_step": 14, "_wandb": {"runtime": 18}}