{"loss_lip": 0.0874847024679184, "_timestamp": 1740960249.982548, "_runtime": 4283.379220962524, "_step": 48074, "logsumexp_h": {"_type": "histogram", "values": [1, 0, 0, 0, 0, 0, 0, 0, 0, 3, 0, 2, 1, 1, 0, 0, 0, 2, 4, 2, 19, 4, 7, 3, 1, 3, 8, 22, 19, 7, 3, 3], "bins": [1.4348312616348267, 1.4459023475646973, 1.4569733142852783, 1.468044400215149, 1.4791154861450195, 1.4901864528656006, 1.5012575387954712, 1.5123286247253418, 1.5233995914459229, 1.5344706773757935, 1.545541763305664, 1.5566128492355347, 1.5676838159561157, 1.5787549018859863, 1.589825987815857, 1.600896954536438, 1.6119680404663086, 1.6230391263961792, 1.6341100931167603, 1.6451811790466309, 1.6562522649765015, 1.6673232316970825, 1.6783943176269531, 1.6894654035568237, 1.7005364894866943, 1.7116074562072754, 1.722678542137146, 1.7337496280670166, 1.7448205947875977, 1.7558916807174683, 1.7669627666473389, 1.77803373336792, 1.7891048192977905]}, "train_loss_safe": 0.029470782727003098, "train_loss_unsafe": 0.10537340492010117, "train_loss_grad": 0.01840105466544628, "train_loss_cql": 0.11266114562749863, "train_dynamics_loss": 0.025683633983135223, "train_cbf_loss": 0.26590638794004917, "train_total_loss": 0.2915900219231844, "train_avg_safe_B": 0.07150408625602722, "train_avg_unsafe_B": -0.07228196412324905, "train_safe_acc": 0.9829059839248657, "train_unsafe_acc": 0.6363636255264282, "step": 14999, "val_loss_safe": 0.03167228708043694, "val_loss_unsafe": 0.09808960128575564, "val_loss_grad": 0.01674279522849247, "val_loss_cql": 0.11255725622177123, "val_cbf_loss": 0.2590619398164563, "val_avg_safe_B": 0.06973623670637608, "val_avg_unsafe_B": -0.07840648591518402, "val_safe_acc": 0.9576159924268722, "val_unsafe_acc": 0.7834157347679138, "val_total_loss": 0.26405920413089917, "val_dynamics_loss": 0.004997264314442873, "_wandb": {"runtime": 4363}}