{"loss_lip": 0.012713957577943802, "_timestamp": 1740613950.762074, "_runtime": 2663.8142940998077, "_step": 21049, "train_loss_safe": 0.004180847201496363, "train_loss_unsafe": 0.028143147006630898, "train_loss_grad": 0.14700569212436676, "train_dynamics_loss": 0.0045674266293644905, "train_cbf_loss": 0.17932968633249402, "train_total_loss": 0.1838971129618585, "train_avg_safe_B": 0.22916635870933533, "train_avg_unsafe_B": -0.19388160109519958, "train_safe_acc": 0.9646017551422119, "train_unsafe_acc": 0.8666666746139526, "step": 9999, "val_loss_safe": 0.004258606623625383, "val_loss_unsafe": 0.04634009083674755, "val_loss_grad": 0.11286408677697182, "val_cbf_loss": 0.16346278423734475, "val_avg_safe_B": 0.23022166043519973, "val_avg_unsafe_B": -0.16602542214095592, "val_safe_acc": 0.9673728972673417, "val_unsafe_acc": 0.8825328558683395, "val_total_loss": 0.17338294977380428, "val_dynamics_loss": 0.009920165536459535, "_wandb": {"runtime": 2743}}