{"loss_lip": 1.7900019884109497e-06, "_timestamp": 1741020109.362473, "_runtime": 5289.983089923859, "_step": 44295, "logsumexp_h": 0.9693247931344169, "train_loss_safe": 1.0799990892410278, "train_loss_unsafe": 0.0, "train_loss_grad": 1.2000017166137695, "train_loss_cql": 16.785261154174805, "train_dynamics_loss": 0.006633870769292116, "train_cbf_loss": 19.065261960029602, "train_total_loss": 19.071895830798894, "train_avg_safe_B": -0.9999991655349731, "train_avg_unsafe_B": -1.0, "train_safe_acc": 0.0, "train_unsafe_acc": 1.0, "step": 13999, "val_loss_safe": 1.079998940229416, "val_loss_unsafe": 0.0, "val_loss_grad": 1.2000046014785766, "val_loss_cql": 16.785262680053712, "val_cbf_loss": 2.2800035417079925, "val_avg_safe_B": -0.9999989241361618, "val_avg_unsafe_B": -0.9999999910593033, "val_safe_acc": 0.0, "val_unsafe_acc": 1.0, "val_total_loss": 2.288707477739081, "val_dynamics_loss": 0.008703936031088233, "_wandb": {"runtime": 5369}}