{"loss_lip": 0.03420416638255119, "_timestamp": 1740866409.408951, "_runtime": 5742.8439519405365, "_step": 42099, "train_loss_safe": 0.01765475422143936, "train_loss_unsafe": 0.08319371193647385, "train_loss_grad": 0.06634852290153503, "train_dynamics_loss": 0.0031015067361295223, "train_cbf_loss": 0.16719698905944824, "train_total_loss": 0.17029849579557776, "train_avg_safe_B": 0.10627119988203049, "train_avg_unsafe_B": -0.11259400844573975, "train_safe_acc": 0.9583333134651184, "train_unsafe_acc": 0.75, "step": 19999, "val_loss_safe": 0.0146173482760787, "val_loss_unsafe": 0.04417399013473187, "val_loss_grad": 0.08685930408537387, "val_cbf_loss": 0.14565064249618442, "val_avg_safe_B": 0.11135069876909257, "val_avg_unsafe_B": -0.1669732891023159, "val_safe_acc": 0.9562219828367233, "val_unsafe_acc": 0.8943918228149415, "val_total_loss": 0.15126594750036018, "val_dynamics_loss": 0.005615305004175753, "_wandb": {"runtime": 5822}}