{"loss_lip": 0.08246543258428574, "_timestamp": 1743894940.634989, "_runtime": 3211.333295106888, "_step": 47049, "logsumexp_h": 2.2215633392333984, "train_loss_safe": 0.06137543544173241, "train_loss_unsafe": 0.036760397255420685, "train_loss_grad": 0.3789844214916229, "train_loss_cql": 2.0966501235961914, "train_dynamics_loss": 0.0015535115962848067, "train_cbf_loss": 2.5737703777849674, "train_total_loss": 2.5753238893812522, "train_avg_safe_B": 0.08286991715431213, "train_avg_unsafe_B": -0.41277167201042175, "train_safe_acc": 0.8270041942596436, "train_unsafe_acc": 0.9473684430122375, "step": 14999, "val_loss_safe": 0.06928415354341269, "val_loss_unsafe": 0.014369320184414391, "val_loss_grad": 0.46321074664592743, "val_loss_cql": 2.124215865135193, "val_cbf_loss": 0.5468642203737545, "val_avg_safe_B": 0.0720379849895835, "val_avg_unsafe_B": -0.5793395310640335, "val_safe_acc": 0.787805837392807, "val_unsafe_acc": 0.9662984937429429, "val_total_loss": 0.5518542827590863, "val_dynamics_loss": 0.004990062385331839, "_wandb": {"runtime": 3290}}