{"train_loss_safe": 0.23102647066116333, "train_loss_unsafe": 0.03304527327418327, "train_loss_grad": 0.22153013944625854, "train_avg_safe_B": -0.18102647364139557, "train_avg_unsafe_B": -0.19457662105560303, "train_total_loss": 0.48560188338160515, "step": 216, "_timestamp": 1740281135.36657, "_runtime": 168.93799710273743, "_step": 219, "val_loss_safe": 0.22234847754240036, "val_loss_unsafe": 0.0299046428501606, "val_loss_grad": 0.22241794645786286, "val_avg_safe_B": -0.17234848201274872, "val_avg_unsafe_B": -0.1853085368871689, "val_total_loss": 0.4746710668504238, "_wandb": {"runtime": 169}}