{"train_loss_safe": 0.0005146590992808342, "train_loss_unsafe": 0.04610446095466614, "train_loss_grad": 4.240367707097903e-05, "train_avg_safe_B": 0.152165025472641, "train_avg_unsafe_B": 0.152634397149086, "train_total_loss": 0.04666152373101795, "step": 116, "_timestamp": 1740278873.835978, "_runtime": 133.24789309501648, "_step": 118, "val_loss_safe": 0.0005832527062739246, "val_loss_unsafe": 0.01024691980681382, "val_loss_grad": 0.00011051366316678469, "val_avg_safe_B": 0.15271731406450273, "val_avg_unsafe_B": 0.15474578976631165, "val_total_loss": 0.01094068617625453, "_wandb": {"runtime": 134}}