{"train_loss_safe": 0.01183343306183815, "train_loss_unsafe": 0.3183136284351349, "train_loss_grad": 0.03616438806056976, "train_dynamics_loss": 0.8380240201950073, "train_cbf_loss": 0.3663114495575428, "train_total_loss": 1.2043354697525501, "train_avg_safe_B": 0.0919274240732193, "train_avg_unsafe_B": 0.09485665708780289, "train_safe_acc": 1.0, "train_unsafe_acc": 0.0, "step": 199, "_timestamp": 1740445740.13119, "_runtime": 22.427435159683228, "_step": 199, "_wandb": {"runtime": 36}}