{"loss_lip": 0.006633649580180645, "_timestamp": 1742593970.169792, "_runtime": 19.068270921707153, "_step": 599, "train_loss_safe": 0.030926009640097618, "train_loss_unsafe": 0.1468479037284851, "train_loss_grad": 0.01783052459359169, "train_loss_cql": 0.0, "train_dynamics_loss": 0.04980994388461113, "train_cbf_loss": 0.19560443796217442, "train_total_loss": 0.24541438184678555, "train_avg_safe_B": 0.04952342435717583, "train_avg_unsafe_B": -0.027626756578683853, "train_safe_acc": 0.9276595711708069, "train_unsafe_acc": 0.761904776096344, "step": 299, "_wandb": {"runtime": 25}}