{"train_loss_safe": 0.018740937113761902, "train_loss_unsafe": 0.11182590574026108, "train_loss_grad": 0.14595353603363037, "train_loss_cql": 0.0, "train_dynamics_loss": 0.00022352034284267575, "train_cbf_loss": 0.27652037888765335, "train_total_loss": 0.276743899230496, "train_avg_safe_B": 0.09721194207668304, "train_avg_unsafe_B": -0.14150257408618927, "train_safe_acc": 0.913385808467865, "train_unsafe_acc": 0.6558593511581421, "step": 14999, "_timestamp": 1744526365.859033, "_runtime": 3366.2408170700073, "_step": 15049, "val_loss_safe": 0.015503115556202828, "val_loss_unsafe": 0.11149704568088055, "val_loss_grad": 0.14141313619911672, "val_loss_cql": 0.0, "val_cbf_loss": 0.2684132974362001, "val_avg_safe_B": 0.09870272763073444, "val_avg_unsafe_B": -0.142156844958663, "val_safe_acc": 0.9330102682113648, "val_unsafe_acc": 0.6533984333276749, "val_total_loss": 0.2687559625381255, "val_dynamics_loss": 0.0003426651019253768, "_wandb": {"runtime": 3446}}