{"loss_lip": 0.06372661143541336, "_timestamp": 1740966968.799514, "_runtime": 676.1926381587982, "_step": 5504, "train_loss_safe": 0.05561136454343796, "train_loss_unsafe": 0.1661677062511444, "train_loss_grad": 0.011368758045136929, "train_loss_cql": 0.0, "train_dynamics_loss": 0.015897322446107864, "train_cbf_loss": 0.2331478288397193, "train_total_loss": 0.24904515128582716, "train_avg_safe_B": 0.044398292899131775, "train_avg_unsafe_B": -0.03440103307366371, "train_safe_acc": 0.9583333134651184, "train_unsafe_acc": 0.5, "step": 2615, "val_loss_safe": 0.057123458944261074, "val_loss_unsafe": 0.13572397641837597, "val_loss_grad": 0.009230231028050184, "val_loss_cql": 0.0, "val_cbf_loss": 0.20207766639068722, "val_avg_safe_B": 0.04287855494767427, "val_avg_unsafe_B": -0.059447009256109594, "val_safe_acc": 0.9709695100784301, "val_unsafe_acc": 0.7332740217447281, "val_total_loss": 0.2143801282858476, "val_dynamics_loss": 0.012302461895160377, "_wandb": {"runtime": 680}}