{"loss_lip": 0.08981261402368546, "_timestamp": 1740964751.432852, "_runtime": 4311.839730024338, "_step": 48074, "logsumexp_h": {"_type": "histogram", "values": [1, 0, 0, 0, 0, 0, 0, 0, 0, 0, 1, 2, 0, 0, 2, 1, 1, 1, 2, 3, 7, 13, 5, 9, 1, 1, 6, 16, 16, 18, 3, 6], "bins": [1.767120361328125, 1.778106927871704, 1.7890934944152832, 1.8000801801681519, 1.811066746711731, 1.82205331325531, 1.8330399990081787, 1.8440265655517578, 1.855013132095337, 1.865999698638916, 1.8769862651824951, 1.8879729509353638, 1.8989595174789429, 1.909946084022522, 1.9209327697753906, 1.9319193363189697, 1.9429059028625488, 1.953892469406128, 1.964879035949707, 1.9758657217025757, 1.9868522882461548, 1.9978388547897339, 2.0088255405426025, 2.0198121070861816, 2.0307986736297607, 2.04178524017334, 2.052771806716919, 2.063758373260498, 2.0747451782226562, 2.0857317447662354, 2.0967183113098145, 2.1077048778533936, 2.1186914443969727]}, "train_loss_safe": 0.029244357720017433, "train_loss_unsafe": 0.10692563652992249, "train_loss_grad": 0.0186321921646595, "train_loss_cql": 0.13617843389511108, "train_dynamics_loss": 0.025683633983135223, "train_cbf_loss": 0.2909806203097105, "train_total_loss": 0.3166642542928457, "train_avg_safe_B": 0.07170508801937103, "train_avg_unsafe_B": -0.071090929210186, "train_safe_acc": 0.9829059839248657, "train_unsafe_acc": 0.6363636255264282, "step": 14999, "val_loss_safe": 0.03139174086973071, "val_loss_unsafe": 0.09851951524615288, "val_loss_grad": 0.01648727839346975, "val_loss_cql": 0.13610070198774338, "val_cbf_loss": 0.28249923649709674, "val_avg_safe_B": 0.06998034417629242, "val_avg_unsafe_B": -0.07795500913634897, "val_safe_acc": 0.9594101965427398, "val_unsafe_acc": 0.7792490661144257, "val_total_loss": 0.2874965008115396, "val_dynamics_loss": 0.004997264314442873, "_wandb": {"runtime": 4391}}