{"loss_lip": 0.017128638923168182, "_timestamp": 1741727591.005173, "_runtime": 3393.177917957306, "_step": 29175, "train_loss_safe": 0.004115814343094826, "train_loss_unsafe": 0.07299666106700897, "train_loss_grad": 1.3691045045852661, "train_loss_cql": 0.0, "train_dynamics_loss": 2.1823456287384033, "train_cbf_loss": 1.44621697999537, "train_total_loss": 3.6285626087337732, "train_avg_safe_B": 0.13274966180324554, "train_avg_unsafe_B": -0.1277153640985489, "train_safe_acc": 0.969565212726593, "train_unsafe_acc": 0.807692289352417, "step": 13999, "val_loss_safe": 0.0035915074869990347, "val_loss_unsafe": 0.04460964808240533, "val_loss_grad": 1.830463135242462, "val_loss_cql": 0.0, "val_cbf_loss": 1.8786642908118665, "val_avg_safe_B": 0.1362784191966057, "val_avg_unsafe_B": -0.1567831315100193, "val_safe_acc": 0.9815861284732819, "val_unsafe_acc": 0.8788909316062927, "val_total_loss": 4.415226101782173, "val_dynamics_loss": 2.5365618109703063, "_wandb": {"runtime": 3483}}