{"loss_lip": 0.0020948112942278385, "_timestamp": 1744767446.5568671, "_runtime": 15.517450094223022, "_step": 76, "train_loss_safe": 0.024939529597759247, "train_loss_unsafe": 0.23899322748184204, "train_loss_grad": 0.0, "train_loss_cql": 0.0, "train_dynamics_loss": 0.10480362176895142, "train_cbf_loss": 0.2639327570796013, "train_total_loss": 0.3687363788485527, "train_avg_safe_B": 0.05506046861410141, "train_avg_unsafe_B": 0.049160994589328766, "train_safe_acc": 1.0, "train_unsafe_acc": 0.0, "step": 37, "_wandb": {"runtime": 15}}