{"loss_lip": 0.01240735873579979, "_timestamp": 1740893128.127255, "_runtime": 1276.7626149654388, "_step": 10110, "train_loss_safe": 0.02057207003235817, "train_loss_unsafe": 0.05282340198755264, "train_loss_grad": 0.04318346828222275, "train_dynamics_loss": 0.010224167257547379, "train_cbf_loss": 0.11657894030213356, "train_total_loss": 0.12680310755968094, "train_avg_safe_B": 0.0812876895070076, "train_avg_unsafe_B": -0.15066789090633392, "train_safe_acc": 0.9375, "train_unsafe_acc": 0.875, "step": 4802, "val_loss_safe": 0.017501981323584916, "val_loss_unsafe": 0.07301136245951056, "val_loss_grad": 0.027663228940218686, "val_cbf_loss": 0.11817657272331417, "val_avg_safe_B": 0.08481850624084472, "val_avg_unsafe_B": -0.1436525208875537, "val_safe_acc": 0.9499421060085297, "val_unsafe_acc": 0.8649824768304825, "val_total_loss": 0.12874555587768555, "val_dynamics_loss": 0.01056898315437138, "_wandb": {"runtime": 1276}}