{"loss_lip": 0.03231319040060043, "_timestamp": 1745789323.391537, "_runtime": 822.3009469509125, "_step": 11339, "logsumexp_h": 2.3964970111846924, "train_loss_safe": 0.0333990640938282, "train_loss_unsafe": 0.04782833158969879, "train_loss_grad": 0.11015581339597702, "train_loss_cql": 2.3482935428619385, "train_dynamics_loss": 0.012849554419517517, "train_cbf_loss": 2.5396767519414425, "train_total_loss": 2.55252630636096, "train_avg_safe_B": 0.04820314794778824, "train_avg_unsafe_B": -0.2206166535615921, "train_safe_acc": 0.8953974843025208, "train_unsafe_acc": 0.8823529481887817, "step": 3615, "val_loss_safe": 0.04179606102406978, "val_loss_unsafe": 0.0356965712737292, "val_loss_grad": 0.12376617677509785, "val_loss_cql": 2.3495677947998046, "val_cbf_loss": 0.20125880907289684, "val_avg_safe_B": 0.039542751479893924, "val_avg_unsafe_B": -0.2523885600268841, "val_safe_acc": 0.8635211616754532, "val_unsafe_acc": 0.9157926499843597, "val_total_loss": 0.21269283168949188, "val_dynamics_loss": 0.01143402261659503, "_wandb": {"runtime": 826}}