{"train_loss_safe": 0.014492977410554886, "train_loss_unsafe": 0.2583613097667694, "train_loss_grad": 0.0, "train_loss_cql": 0.0, "train_dynamics_loss": 0.27088940143585205, "train_cbf_loss": 0.2728542871773243, "train_total_loss": 0.5437436886131763, "train_avg_safe_B": 0.06550702452659607, "train_avg_unsafe_B": 0.0653010755777359, "train_safe_acc": 1.0, "train_unsafe_acc": 0.0, "step": 23, "_timestamp": 1744416198.448417, "_runtime": 19.221955060958862, "_step": 23, "_wandb": {"runtime": 18}}