{"train_loss_safe": 0.08103261142969131, "train_loss_unsafe": 0.19972039759159088, "train_loss_grad": 0.05053140968084335, "train_avg_safe_B": 0.036548081785440445, "train_avg_unsafe_B": 0.01095577422529459, "train_total_loss": 0.33128441870212555, "train_safe_acc": 0.5839999914169312, "train_unsafe_acc": 0.5, "step": 2800, "_timestamp": 1740345819.100529, "_runtime": 824.2801549434662, "_step": 2814, "val_loss_safe": 0.09153032451868057, "val_loss_unsafe": 0.08860675010830164, "val_loss_grad": 0.06501874394714832, "val_avg_safe_B": 0.024053481183946134, "val_avg_unsafe_B": -0.05847123648971319, "val_total_loss": 0.24515581857413052, "val_safe_acc": 0.5444477182626725, "val_unsafe_acc": 0.8283349823951721, "_wandb": {"runtime": 833}}