{"loss_lip": 0.07583495229482651, "_timestamp": 1741773597.889618, "_runtime": 3979.9106760025024, "_step": 44295, "logsumexp_h": 3.174112183707101, "train_loss_safe": 0.009420760907232761, "train_loss_unsafe": 0.05712728202342987, "train_loss_grad": 0.3190211057662964, "train_loss_cql": 1.593496322631836, "train_dynamics_loss": 0.010267269797623158, "train_cbf_loss": 1.979065471328795, "train_total_loss": 1.9893327411264181, "train_avg_safe_B": 0.6132043600082397, "train_avg_unsafe_B": -0.7371461987495422, "train_safe_acc": 0.9720930457115173, "train_unsafe_acc": 0.8780487775802612, "step": 13999, "val_loss_safe": 0.007498234859667718, "val_loss_unsafe": 0.0505905251018703, "val_loss_grad": 0.24053671061992646, "val_loss_cql": 1.6016132891178132, "val_cbf_loss": 0.2986254705814645, "val_avg_safe_B": 0.6352012664079666, "val_avg_unsafe_B": -0.7036229699850083, "val_safe_acc": 0.9733268290758132, "val_unsafe_acc": 0.900097519159317, "val_total_loss": 0.3175972522934899, "val_dynamics_loss": 0.018971781712025404, "_wandb": {"runtime": 4059}}