{"train_loss_safe": 0.18053871393203735, "train_loss_unsafe": 0.05432421341538429, "train_loss_grad": 0.1944417804479599, "train_avg_safe_B": -0.1305387169122696, "train_avg_unsafe_B": -0.1774427443742752, "train_total_loss": 0.42930470779538155, "step": 400, "_timestamp": 1740281391.250092, "_runtime": 238.78171610832214, "_step": 404, "val_loss_safe": 0.16023260325193406, "val_loss_unsafe": 0.09030023317784071, "val_loss_grad": 0.17078418284654617, "val_avg_safe_B": -0.1102326038479805, "val_avg_unsafe_B": -0.1476642994582653, "val_total_loss": 0.4213170192763209, "_wandb": {"runtime": 244}}