{"train_loss_safe": 0.014273296110332012, "train_loss_unsafe": 0.3090434670448303, "train_loss_grad": 0.01469284389168024, "train_dynamics_loss": 1.0103704929351807, "train_cbf_loss": 0.3380096070468426, "train_total_loss": 1.3483800999820232, "train_avg_safe_B": 0.08865486085414886, "train_avg_unsafe_B": 0.08772575855255127, "train_safe_acc": 1.0, "train_unsafe_acc": 0.0, "step": 107, "_timestamp": 1740446203.419343, "_runtime": 18.276190996170044, "_step": 107, "_wandb": {"runtime": 17}}