{"train_loss_safe": 0.00755452923476696, "train_loss_unsafe": 0.034618061035871506, "train_loss_grad": 0.06426437199115753, "train_loss_cql": 0.0, "train_dynamics_loss": 0.00024383366690017283, "train_cbf_loss": 0.106436962261796, "train_total_loss": 0.10668079592869617, "train_avg_safe_B": 0.09070923179388046, "train_avg_unsafe_B": -0.3054305613040924, "train_safe_acc": 0.97265625, "train_unsafe_acc": 0.9023290872573853, "step": 14999, "_timestamp": 1744512410.8261812, "_runtime": 10018.563358068466, "_step": 15049, "val_loss_safe": 0.005858586623799056, "val_loss_unsafe": 0.04196300022304058, "val_loss_grad": 0.11663078609853983, "val_loss_cql": 0.0, "val_cbf_loss": 0.16445237294537945, "val_avg_safe_B": 0.09222505018115043, "val_avg_unsafe_B": -0.29083122164011, "val_safe_acc": 0.969786724448204, "val_unsafe_acc": 0.874243187904358, "val_total_loss": 0.16483360104029998, "val_dynamics_loss": 0.000381228094920516, "_wandb": {"runtime": 10102}}