{"train_loss_safe": 0.06765669584274292, "train_loss_unsafe": 0.14373615384101868, "train_loss_grad": 0.05132158100605011, "train_avg_safe_B": 0.033216021955013275, "train_avg_unsafe_B": -0.039932239800691605, "train_total_loss": 0.2627144306898117, "train_safe_acc": 0.7190082669258118, "train_unsafe_acc": 0.7142857313156128, "step": 8400, "_timestamp": 1740432624.932013, "_runtime": 2382.332323074341, "_step": 8442, "val_loss_safe": 0.06046067476272583, "val_loss_unsafe": 0.16176024600863456, "val_loss_grad": 0.04872433114796877, "val_avg_safe_B": 0.04020720636472106, "val_avg_unsafe_B": -0.026750573786557652, "val_total_loss": 0.27094525191932917, "val_safe_acc": 0.7522828727960587, "val_unsafe_acc": 0.5556655928492547, "_wandb": {"runtime": 7924}}