{"train_loss_safe": 0.0063791414722800255, "train_loss_unsafe": 0.012541698291897774, "train_loss_grad": 0.1833731085062027, "train_loss_cql": 0.0, "train_dynamics_loss": 0.00024383366690017283, "train_cbf_loss": 0.2022939482703805, "train_total_loss": 0.20253778193728067, "train_avg_safe_B": 0.07863003015518188, "train_avg_unsafe_B": -0.4917486608028412, "train_safe_acc": 0.97265625, "train_unsafe_acc": 0.9629629850387573, "step": 14999, "_timestamp": 1744488199.001163, "_runtime": 6607.086767911911, "_step": 15049, "val_loss_safe": 0.00504508389858529, "val_loss_unsafe": 0.02353366930037737, "val_loss_grad": 0.10817366660339758, "val_loss_cql": 0.0, "val_cbf_loss": 0.13675241980236025, "val_avg_safe_B": 0.07976480573415756, "val_avg_unsafe_B": -0.43925977796316146, "val_safe_acc": 0.9776299208402633, "val_unsafe_acc": 0.9325634002685547, "val_total_loss": 0.13713364789728077, "val_dynamics_loss": 0.000381228094920516, "_wandb": {"runtime": 6686}}