{"train_loss_safe": 0.0045161074958741665, "train_loss_unsafe": 0.15806657075881958, "train_loss_grad": 0.003027308499440551, "train_dynamics_loss": 0.04845887050032616, "train_cbf_loss": 0.1656099867541343, "train_total_loss": 0.21406885725446045, "train_avg_safe_B": 0.049112606793642044, "train_avg_unsafe_B": 0.037449195981025696, "train_safe_acc": 1.0, "train_unsafe_acc": 0.0, "step": 402, "_timestamp": 1740598233.9428108, "_runtime": 116.6852707862854, "_step": 404, "val_loss_safe": 0.004460210993420333, "val_loss_unsafe": 0.16094460040330888, "val_loss_grad": 0.0007791870710207149, "val_cbf_loss": 0.16618399846774992, "val_avg_safe_B": 0.04870833735913038, "val_avg_unsafe_B": 0.03995182663202286, "val_safe_acc": 1.0, "val_unsafe_acc": 0.0, "val_total_loss": 0.20575919806433376, "val_dynamics_loss": 0.03957519959658384, "_wandb": {"runtime": 116}}