{"train_loss_safe": 0.018912862986326218, "train_loss_unsafe": 0.09570580720901489, "train_loss_grad": 0.18325766921043396, "train_loss_cql": 0.0, "train_dynamics_loss": 0.00022352034284267575, "train_cbf_loss": 0.29787633940577507, "train_total_loss": 0.29809985974861775, "train_avg_safe_B": 0.10948225110769272, "train_avg_unsafe_B": -0.17293527722358704, "train_safe_acc": 0.9173228144645691, "train_unsafe_acc": 0.7173153758049011, "step": 14999, "_timestamp": 1744443829.037958, "_runtime": 6433.93975186348, "_step": 15049, "val_loss_safe": 0.0161326652392745, "val_loss_unsafe": 0.09610448032617569, "val_loss_grad": 0.13790740109980107, "val_loss_cql": 0.0, "val_cbf_loss": 0.25014454666525127, "val_avg_safe_B": 0.10872780866920947, "val_avg_unsafe_B": -0.16917945221066474, "val_safe_acc": 0.9243889153003693, "val_unsafe_acc": 0.7146265089511872, "val_total_loss": 0.250352100856253, "val_dynamics_loss": 0.00020755419100169093, "_wandb": {"runtime": 6513}}