{"loss_lip": 0.023099981248378754, "_timestamp": 1741791054.669271, "_runtime": 3529.5341789722443, "_step": 44295, "logsumexp_h": 2.5485918521881104, "train_loss_safe": 0.00549890985712409, "train_loss_unsafe": 0.04842960089445114, "train_loss_grad": 0.07379923015832901, "train_loss_cql": 0.23785558342933655, "train_dynamics_loss": 0.007079379633069038, "train_cbf_loss": 0.3655833243392408, "train_total_loss": 0.37266270397230983, "train_avg_safe_B": 0.17186680436134338, "train_avg_unsafe_B": -0.1517646163702011, "train_safe_acc": 0.969565212726593, "train_unsafe_acc": 0.8846153616905212, "step": 13999, "val_loss_safe": 0.006105612067040056, "val_loss_unsafe": 0.03668359760195017, "val_loss_grad": 0.05714527787640691, "val_loss_cql": 0.237928456813097, "val_cbf_loss": 0.09993448754539713, "val_avg_safe_B": 0.16883159354329108, "val_avg_unsafe_B": -0.17037640810012816, "val_safe_acc": 0.9695815354585647, "val_unsafe_acc": 0.8940259933471679, "val_total_loss": 0.10487683572573588, "val_dynamics_loss": 0.0049423481803387405, "_wandb": {"runtime": 3609}}