{"loss_lip": 0.3509241044521332, "_timestamp": 1741004470.584749, "_runtime": 3314.6368498802185, "_step": 44295, "logsumexp_h": 2.179316759109497, "train_loss_safe": 0.2409559041261673, "train_loss_unsafe": 0.12207676470279694, "train_loss_grad": 2.567617893218994, "train_loss_cql": 17.622678756713867, "train_dynamics_loss": 0.006633870769292116, "train_cbf_loss": 20.553329318761826, "train_total_loss": 20.559963189531118, "train_avg_safe_B": 0.40010732412338257, "train_avg_unsafe_B": -0.766061007976532, "train_safe_acc": 0.7058823704719543, "train_unsafe_acc": 0.8888888955116272, "step": 13999, "val_loss_safe": 0.20437452420592309, "val_loss_unsafe": 0.09005473490105942, "val_loss_grad": 2.4895590484142303, "val_loss_cql": 16.419594621658327, "val_cbf_loss": 2.783988307521213, "val_avg_safe_B": 0.5005295306444169, "val_avg_unsafe_B": -0.8043094605207444, "val_safe_acc": 0.782704520225525, "val_unsafe_acc": 0.9124574035406112, "val_total_loss": 2.792692243552301, "val_dynamics_loss": 0.008703936031088233, "_wandb": {"runtime": 3394}}