{"train_loss_safe": 0.0009143615607172251, "train_loss_unsafe": 0.009039876982569695, "train_loss_grad": 1.000971794128418, "train_dynamics_loss": 0.013031087815761566, "train_cbf_loss": 1.0109260326717049, "train_total_loss": 1.0239571204874665, "train_avg_safe_B": 0.29457151889801025, "train_avg_unsafe_B": -0.22321709990501404, "train_safe_acc": 0.991150438785553, "train_unsafe_acc": 0.9333333373069763, "step": 9999, "_timestamp": 1740588646.768163, "_runtime": 2598.2410678863525, "_step": 10049, "val_loss_safe": 0.0015668871013076568, "val_loss_unsafe": 0.03338633453240618, "val_loss_grad": 1.0438715040683746, "val_cbf_loss": 1.0788247257020884, "val_avg_safe_B": 0.3102614372968674, "val_avg_unsafe_B": -0.19820029549300672, "val_safe_acc": 0.977735948562622, "val_unsafe_acc": 0.8747352361679077, "val_total_loss": 1.0962379176650756, "val_dynamics_loss": 0.017413191962987185, "_wandb": {"runtime": 2677}}