{"train_loss_safe": 0.12205716222524643, "train_loss_unsafe": 0.1702290028333664, "train_loss_grad": 0.07207254320383072, "train_dynamics_loss": 0.979674220085144, "train_cbf_loss": 0.36435870826244354, "train_total_loss": 1.3440329283475876, "train_avg_safe_B": -0.022057155147194862, "train_avg_unsafe_B": -0.019054610282182693, "train_safe_acc": 0.0, "train_unsafe_acc": 1.0, "step": 0, "_timestamp": 1740449599.2966669, "_runtime": 15.359124898910522, "_step": 0, "_wandb": {"runtime": 29}}