{"train_loss_safe": 0.009149681776762009, "train_loss_unsafe": 0.05518592149019241, "train_loss_grad": 0.0016046236269176006, "train_dynamics_loss": 0.029521994292736053, "train_cbf_loss": 0.06594022689387202, "train_total_loss": 0.09546222118660808, "train_avg_safe_B": 0.042327187955379486, "train_avg_unsafe_B": -0.0020122439600527287, "train_safe_acc": 1.0, "train_unsafe_acc": 0.5, "step": 2199, "_timestamp": 1740591698.718173, "_runtime": 546.6768779754639, "_step": 2209, "val_loss_safe": 0.010371229378506541, "val_loss_unsafe": 0.06600565183907747, "val_loss_grad": 0.006204915657872334, "val_cbf_loss": 0.08258179687545635, "val_avg_safe_B": 0.04107890371233225, "val_avg_unsafe_B": 0.007396218963549472, "val_safe_acc": 0.9879726707935333, "val_unsafe_acc": 0.4008244190365076, "val_total_loss": 0.09616997864213772, "val_dynamics_loss": 0.013588181766681372, "_wandb": {"runtime": 548}}