{"train_loss_safe": 8.389411959797144e-06, "train_loss_unsafe": 0.010305503383278847, "train_loss_grad": 0.0002734360168687999, "train_avg_safe_B": 0.10332045704126358, "train_avg_unsafe_B": 0.10293914377689362, "train_total_loss": 0.010587328812107444, "step": 216, "_timestamp": 1740278582.127421, "_runtime": 174.82684993743896, "_step": 219, "val_loss_safe": 1.9817614083876834e-05, "val_loss_unsafe": 0.002251223910425324, "val_loss_grad": 0.00040932345058536157, "val_avg_safe_B": 0.10258220046758652, "val_avg_unsafe_B": 0.10226261369884014, "val_total_loss": 0.002680364975094562, "_wandb": {"runtime": 179}}