{"train_loss_safe": 0.05054289102554321, "train_loss_unsafe": 0.21599653363227844, "train_loss_grad": 7.987182470969856e-05, "train_loss_cql": 0.0, "train_dynamics_loss": 0.3121057450771332, "train_cbf_loss": 0.26661929648253135, "train_total_loss": 0.5787250415596645, "train_avg_safe_B": 0.029457109048962593, "train_avg_unsafe_B": 0.02999710477888584, "train_safe_acc": 1.0, "train_unsafe_acc": 0.0, "step": 19, "_timestamp": 1744481472.887506, "_runtime": 21.14851403236389, "_step": 19, "_wandb": {"runtime": 20}}