{"train_loss_safe": 0.006394376512616873, "train_loss_unsafe": 0.03421919047832489, "train_loss_grad": 0.11094287037849426, "train_loss_cql": 0.0, "train_dynamics_loss": 0.00014955911319702864, "train_cbf_loss": 0.15155643736943603, "train_total_loss": 0.15170599648263305, "train_avg_safe_B": 0.03940416872501373, "train_avg_unsafe_B": -0.38175755739212036, "train_safe_acc": 0.94921875, "train_unsafe_acc": 0.9673055410385132, "step": 14999, "_timestamp": 1744492279.859242, "_runtime": 7658.226438045502, "_step": 15049, "val_loss_safe": 0.006970941531471908, "val_loss_unsafe": 0.022839007480069996, "val_loss_grad": 0.049923151498660445, "val_loss_cql": 0.0, "val_cbf_loss": 0.07973310051020235, "val_avg_safe_B": 0.04214117750525474, "val_avg_unsafe_B": -0.395006987452507, "val_safe_acc": 0.9397548735141754, "val_unsafe_acc": 0.9789182871580124, "val_total_loss": 0.0801644189428771, "val_dynamics_loss": 0.00043131843267474324, "_wandb": {"runtime": 7737}}