{"loss_lip": 0.10159603506326675, "_timestamp": 1741732012.955748, "_runtime": 4338.409193992615, "_step": 44295, "logsumexp_h": 2.0117685794830322, "train_loss_safe": 0.013846556656062603, "train_loss_unsafe": 0.07631208747625351, "train_loss_grad": 5.642172813415527, "train_loss_cql": 1.23451566696167, "train_dynamics_loss": 0.1809919774532318, "train_cbf_loss": 6.966847124509513, "train_total_loss": 7.147839101962745, "train_avg_safe_B": 0.7606110572814941, "train_avg_unsafe_B": -0.7508795857429504, "train_safe_acc": 0.9767441749572754, "train_unsafe_acc": 0.9024389982223511, "step": 13999, "val_loss_safe": 0.019475570088252424, "val_loss_unsafe": 0.1085722140967846, "val_loss_grad": 6.520075678825378, "val_loss_cql": 1.2584074556827545, "val_cbf_loss": 6.648123463010416, "val_avg_safe_B": 0.7513779401779175, "val_avg_unsafe_B": -0.678106789290905, "val_safe_acc": 0.9598473936319352, "val_unsafe_acc": 0.8453605383634567, "val_total_loss": 6.858858027821407, "val_dynamics_loss": 0.2107345648109913, "_wandb": {"runtime": 4419}}