{"loss_lip": 0.02606842666864395, "_timestamp": 1741744779.688852, "_runtime": 3778.415627002716, "_step": 44295, "logsumexp_h": 2.3213753700256348, "train_loss_safe": 0.022880151867866516, "train_loss_unsafe": 0.017396317794919014, "train_loss_grad": 4.234248638153076, "train_loss_cql": 1.065087914466858, "train_dynamics_loss": 2.1823456287384033, "train_cbf_loss": 5.33961302228272, "train_total_loss": 7.521958651021123, "train_avg_safe_B": 0.08119306713342667, "train_avg_unsafe_B": -0.20434746146202087, "train_safe_acc": 0.904347836971283, "train_unsafe_acc": 0.9230769276618958, "step": 13999, "val_loss_safe": 0.01993781547062099, "val_loss_unsafe": 0.023624890600331128, "val_loss_grad": 5.043419146537781, "val_loss_cql": 1.0653199791908263, "val_cbf_loss": 5.086981852608734, "val_avg_safe_B": 0.08342472165822983, "val_avg_unsafe_B": -0.20508115589618683, "val_safe_acc": 0.9123276442289352, "val_unsafe_acc": 0.9308914631605149, "val_total_loss": 7.62354366357904, "val_dynamics_loss": 2.5365618109703063, "_wandb": {"runtime": 3857}}