{"loss_lip": 0.08884888142347336, "_timestamp": 1740951239.508399, "_runtime": 4439.281645059586, "_step": 48074, "logsumexp_h": {"_type": "histogram", "values": [1, 0, 0, 0, 0, 0, 0, 0, 0, 1, 1, 1, 0, 2, 2, 0, 0, 0, 3, 4, 9, 11, 7, 7, 0, 3, 6, 21, 18, 10, 2, 6], "bins": [2.237941026687622, 2.247819662094116, 2.2576985359191895, 2.2675771713256836, 2.277456045150757, 2.287334680557251, 2.297213315963745, 2.3070921897888184, 2.3169708251953125, 2.3268496990203857, 2.33672833442688, 2.346606969833374, 2.3564858436584473, 2.3663644790649414, 2.3762433528900146, 2.386121988296509, 2.396000862121582, 2.405879497528076, 2.4157581329345703, 2.4256370067596436, 2.4355156421661377, 2.445394515991211, 2.455273151397705, 2.465151786804199, 2.4750306606292725, 2.4849092960357666, 2.49478816986084, 2.504666805267334, 2.514545440673828, 2.5244243144989014, 2.5343029499053955, 2.5441818237304688, 2.554060459136963]}, "train_loss_safe": 0.0283765010535717, "train_loss_unsafe": 0.10670582950115204, "train_loss_grad": 0.01971234194934368, "train_loss_cql": 0.19177788496017456, "train_dynamics_loss": 0.025683633983135223, "train_cbf_loss": 0.346572557464242, "train_total_loss": 0.3722561914473772, "train_avg_safe_B": 0.0726754292845726, "train_avg_unsafe_B": -0.07039188593626022, "train_safe_acc": 0.9829059839248657, "train_unsafe_acc": 0.6363636255264282, "step": 14999, "val_loss_safe": 0.030468685459345578, "val_loss_unsafe": 0.09897363875061274, "val_loss_grad": 0.01596310978056863, "val_loss_cql": 0.19170996993780137, "val_cbf_loss": 0.33711540392832834, "val_avg_safe_B": 0.07102559804916382, "val_avg_unsafe_B": -0.07728323359042406, "val_safe_acc": 0.9593830019235611, "val_unsafe_acc": 0.7792490661144257, "val_total_loss": 0.3421126682427712, "val_dynamics_loss": 0.004997264314442873, "_wandb": {"runtime": 4518}}