{"train_loss_safe": 0.026935726404190063, "train_loss_unsafe": 0.11111892014741898, "train_loss_grad": 0.19458802044391632, "train_loss_cql": 0.0, "train_dynamics_loss": 0.010755236260592937, "train_cbf_loss": 0.33264266699552536, "train_total_loss": 0.3433979032561183, "train_avg_safe_B": 0.09924820065498352, "train_avg_unsafe_B": -0.10700919479131699, "train_safe_acc": 0.87890625, "train_unsafe_acc": 0.6938596367835999, "step": 14999, "_timestamp": 1744517390.301661, "_runtime": 4257.872419118881, "_step": 15049, "val_loss_safe": 0.01943067740648985, "val_loss_unsafe": 0.11517097465693951, "val_loss_grad": 0.21819589100778103, "val_loss_cql": 0.0, "val_cbf_loss": 0.35279754307121036, "val_avg_safe_B": 0.1115561705082655, "val_avg_unsafe_B": -0.09744590073823929, "val_safe_acc": 0.9149704456329346, "val_unsafe_acc": 0.6754332512617112, "val_total_loss": 0.363239534269087, "val_dynamics_loss": 0.010441991197876633, "_wandb": {"runtime": 4337}}