{"train_loss_safe": 0.0596582368016243, "train_loss_unsafe": 0.10192631185054779, "train_loss_grad": 0.03571509197354317, "train_avg_safe_B": 0.06015324965119362, "train_avg_unsafe_B": -0.021595146507024765, "train_total_loss": 0.19729964062571526, "train_safe_acc": 0.7736625671386719, "train_unsafe_acc": 0.6153846383094788, "step": 3212, "_timestamp": 1740348196.522877, "_runtime": 977.6027460098267, "_step": 3229, "val_loss_safe": 0.057371201068162916, "val_loss_unsafe": 0.11369019336998462, "val_loss_grad": 0.038044513389468196, "val_avg_safe_B": 0.0665395937860012, "val_avg_unsafe_B": -0.014120293884770945, "val_total_loss": 0.20910590782761573, "val_safe_acc": 0.7405266904830933, "val_unsafe_acc": 0.6170718902349472, "_wandb": {"runtime": 977}}