{"loss_lip": 0.0010283899027854204, "_timestamp": 1740890943.350164, "_runtime": 24.365453958511353, "_step": 342, "train_loss_safe": 0.054796572774648666, "train_loss_unsafe": 0.25487035512924194, "train_loss_grad": 0.03378309682011604, "train_dynamics_loss": 1.6515527963638306, "train_cbf_loss": 0.34345002472400665, "train_total_loss": 1.9950028210878372, "train_avg_safe_B": 0.045203424990177155, "train_avg_unsafe_B": 0.036054134368896484, "train_safe_acc": 1.0, "train_unsafe_acc": 0.0, "step": 170, "_wandb": {"runtime": 23}}