{"loss_lip": 0.00019288569455966353, "_timestamp": 1740857268.58788, "_runtime": 13.62947678565979, "_step": 0, "_wandb": {"runtime": 13}}