{"train_loss_safe": 0.018983405083417892, "train_loss_unsafe": 0.09561900049448013, "train_loss_grad": 0.1453893631696701, "train_loss_cql": 0.0, "train_dynamics_loss": 0.00022352034284267575, "train_cbf_loss": 0.25999176874756813, "train_total_loss": 0.2602152890904108, "train_avg_safe_B": 0.10757140815258026, "train_avg_unsafe_B": -0.17135506868362427, "train_safe_acc": 0.913385808467865, "train_unsafe_acc": 0.717655599117279, "step": 14999, "_timestamp": 1744452940.324451, "_runtime": 14592.11720585823, "_step": 15049, "val_loss_safe": 0.01676548197865486, "val_loss_unsafe": 0.09458517692983151, "val_loss_grad": 0.14367450401186943, "val_loss_cql": 0.0, "val_cbf_loss": 0.2550251629203558, "val_avg_safe_B": 0.1070158276706934, "val_avg_unsafe_B": -0.1715677097439766, "val_safe_acc": 0.9248723953962326, "val_unsafe_acc": 0.7191624164581298, "val_total_loss": 0.255339992944937, "val_dynamics_loss": 0.0003148300245811697, "_wandb": {"runtime": 14671}}