{"loss_lip": 0.08003965765237808, "_timestamp": 1741760830.008393, "_runtime": 3921.746292114258, "_step": 44295, "logsumexp_h": 2.150888272694179, "train_loss_safe": 0.06573200970888138, "train_loss_unsafe": 0.024783872067928314, "train_loss_grad": 0.4648878574371338, "train_loss_cql": 1.449644923210144, "train_dynamics_loss": 0.007079379633069038, "train_cbf_loss": 2.0050486624240875, "train_total_loss": 2.0121280420571566, "train_avg_safe_B": 0.06778186559677124, "train_avg_unsafe_B": -0.409649521112442, "train_safe_acc": 0.782608687877655, "train_unsafe_acc": 0.9615384340286255, "step": 13999, "val_loss_safe": 0.0648858368396759, "val_loss_unsafe": 0.01530466724652797, "val_loss_grad": 0.5139191463589668, "val_loss_cql": 1.4531851053237914, "val_cbf_loss": 0.5941096504451707, "val_avg_safe_B": 0.06098273657262325, "val_avg_unsafe_B": -0.4807278111577034, "val_safe_acc": 0.7912737399339675, "val_unsafe_acc": 0.9535150200128555, "val_total_loss": 0.5990519986255095, "val_dynamics_loss": 0.0049423481803387405, "_wandb": {"runtime": 4001}}