{"train_loss_safe": 0.10133294016122818, "train_loss_unsafe": 0.2428523302078247, "train_loss_grad": 1.6165105104446411, "train_loss_cql": 0.0, "train_dynamics_loss": 0.0111350417137146, "train_cbf_loss": 1.960695780813694, "train_total_loss": 1.9718308225274086, "train_avg_safe_B": 0.16194897890090942, "train_avg_unsafe_B": -0.23640184104442596, "train_safe_acc": 0.6102362275123596, "train_unsafe_acc": 0.866406261920929, "step": 14999, "_timestamp": 1744575640.839635, "_runtime": 3330.8162479400635, "_step": 15049, "val_loss_safe": 0.07771720886230468, "val_loss_unsafe": 0.25951885282993314, "val_loss_grad": 1.3326677620410918, "val_loss_cql": 0.0, "val_cbf_loss": 1.6699038237333297, "val_avg_safe_B": 0.21808091104030608, "val_avg_unsafe_B": -0.2287362277507782, "val_safe_acc": 0.6833939045667649, "val_unsafe_acc": 0.8460742235183716, "val_total_loss": 1.6825214634649455, "val_dynamics_loss": 0.012617639731615782, "_wandb": {"runtime": 3426}}