{"loss_lip": 0.053736791014671326, "_timestamp": 1741826655.561354, "_runtime": 3826.8364419937134, "_step": 44295, "logsumexp_h": 3.3547492027282715, "train_loss_safe": 0.003846952458843589, "train_loss_unsafe": 0.04968395456671715, "train_loss_grad": 0.27431392669677734, "train_loss_cql": 0.11881604045629501, "train_dynamics_loss": 0.010267269797623158, "train_cbf_loss": 0.4466608741786331, "train_total_loss": 0.45692814397625625, "train_avg_safe_B": 0.4794449806213379, "train_avg_unsafe_B": -0.6901074647903442, "train_safe_acc": 0.9813953638076782, "train_unsafe_acc": 0.8780487775802612, "step": 13999, "val_loss_safe": 0.003419560272595845, "val_loss_unsafe": 0.05076587498188019, "val_loss_grad": 0.16135682240128518, "val_loss_cql": 0.1188916027545929, "val_cbf_loss": 0.2155422576557612, "val_avg_safe_B": 0.49363368153572085, "val_avg_unsafe_B": -0.6345792531967163, "val_safe_acc": 0.9856295168399811, "val_unsafe_acc": 0.8876733392477035, "val_total_loss": 0.23451403936778661, "val_dynamics_loss": 0.018971781712025404, "_wandb": {"runtime": 3906}}