{"loss_lip": 0.24250559508800507, "_timestamp": 1740984035.812746, "_runtime": 1612.0726699829102, "_step": 21358, "logsumexp_h": 2.108855758394514, "train_loss_safe": 0.22839486598968506, "train_loss_unsafe": 0.1064925268292427, "train_loss_grad": 2.2517457008361816, "train_loss_cql": 12.510391235351562, "train_dynamics_loss": 0.006892319768667221, "train_cbf_loss": 15.097024329006672, "train_total_loss": 15.10391664877534, "train_avg_safe_B": 0.25316789746284485, "train_avg_unsafe_B": -0.6687488555908203, "train_safe_acc": 0.678260862827301, "train_unsafe_acc": 0.9230769276618958, "step": 6749, "val_loss_safe": 0.20034262165427208, "val_loss_unsafe": 0.14496308814850636, "val_loss_grad": 2.47749400138855, "val_loss_cql": 11.36780891418457, "val_cbf_loss": 2.8227997111913283, "val_avg_safe_B": 0.3597615584731102, "val_avg_unsafe_B": -0.6242937818169594, "val_safe_acc": 0.7598212510347366, "val_unsafe_acc": 0.8346682667732239, "val_total_loss": 2.835911703814054, "val_dynamics_loss": 0.013111992622725666, "_wandb": {"runtime": 1611}}