{"train_loss_safe": 0.010549469850957394, "train_loss_unsafe": 0.263654500246048, "train_loss_grad": 0.0, "train_loss_cql": 0.0, "train_dynamics_loss": 0.23804011940956116, "train_cbf_loss": 0.27420397009700537, "train_total_loss": 0.5122440895065665, "train_avg_safe_B": 0.06948239356279373, "train_avg_unsafe_B": 0.0697120726108551, "train_safe_acc": 1.0, "train_unsafe_acc": 0.0, "step": 5, "_timestamp": 1744470552.960298, "_runtime": 17.529757022857666, "_step": 5, "_wandb": {"runtime": 17}}