{"loss_lip": 0.0045357346534729, "_timestamp": 1744767497.9334881, "_runtime": 18.51637601852417, "_step": 599, "train_loss_safe": 0.010805538855493069, "train_loss_unsafe": 0.0, "train_loss_grad": 0.008679104968905449, "train_loss_cql": 0.0, "train_dynamics_loss": 0.018563784658908844, "train_cbf_loss": 0.019484643824398518, "train_total_loss": 0.03804842848330736, "train_avg_safe_B": 0.06960464268922806, "train_avg_unsafe_B": 0.0, "train_safe_acc": 1.0, "train_unsafe_acc": 0.0, "step": 299, "_wandb": {"runtime": 18}}