{"loss_lip": 0.08881319314241409, "_timestamp": 1740928761.600509, "_runtime": 4334.45837187767, "_step": 48074, "logsumexp_h": {"_type": "histogram", "values": [1, 0, 0, 0, 0, 0, 0, 0, 0, 1, 2, 0, 0, 1, 3, 0, 0, 1, 2, 5, 11, 10, 5, 5, 3, 1, 5, 19, 20, 13, 1, 6], "bins": [2.2154548168182373, 2.226637840270996, 2.237820863723755, 2.2490036487579346, 2.2601866722106934, 2.271369695663452, 2.282552719116211, 2.2937357425689697, 2.3049187660217285, 2.316101551055908, 2.327284574508667, 2.338467597961426, 2.3496506214141846, 2.3608336448669434, 2.372016429901123, 2.383199453353882, 2.3943824768066406, 2.4055655002593994, 2.416748523712158, 2.427931308746338, 2.4391143321990967, 2.4502973556518555, 2.4614803791046143, 2.472663402557373, 2.4838461875915527, 2.4950292110443115, 2.5062122344970703, 2.517395257949829, 2.528578281402588, 2.5397613048553467, 2.5509440898895264, 2.562127113342285, 2.573310136795044]}, "train_loss_safe": 0.028515012934803963, "train_loss_unsafe": 0.10690474510192871, "train_loss_grad": 0.01833195611834526, "train_loss_cql": 0.1677953004837036, "train_dynamics_loss": 0.025683633983135223, "train_cbf_loss": 0.32154701463878155, "train_total_loss": 0.34723064862191677, "train_avg_safe_B": 0.07247043401002884, "train_avg_unsafe_B": -0.07078812271356583, "train_safe_acc": 0.9829059839248657, "train_unsafe_acc": 0.6363636255264282, "step": 14999, "val_loss_safe": 0.03093014108017087, "val_loss_unsafe": 0.09865365196019411, "val_loss_grad": 0.016759700328111648, "val_loss_cql": 0.1677182599902153, "val_cbf_loss": 0.3140617533586919, "val_avg_safe_B": 0.07041820734739304, "val_avg_unsafe_B": -0.0777506330050528, "val_safe_acc": 0.9598375469446182, "val_unsafe_acc": 0.7792490661144257, "val_total_loss": 0.31905901767313477, "val_dynamics_loss": 0.004997264314442873, "_wandb": {"runtime": 4414}}