{"train_loss_safe": 0.1162036582827568, "train_loss_unsafe": 0.10144276171922684, "train_loss_grad": 0.07135563343763351, "train_avg_safe_B": 0.017397509887814522, "train_avg_unsafe_B": -0.07128293067216873, "train_total_loss": 0.28900205343961716, "train_safe_acc": 0.5330578684806824, "train_unsafe_acc": 0.7857142686843872, "step": 4216, "_timestamp": 1740344975.9436328, "_runtime": 1300.377052783966, "_step": 4238, "val_loss_safe": 0.06363080032169818, "val_loss_unsafe": 0.13819007556885482, "val_loss_grad": 0.039753028079867365, "val_avg_safe_B": 0.09671081647276879, "val_avg_unsafe_B": -0.04036186432465911, "val_total_loss": 0.24157390397042036, "val_safe_acc": 0.746725069284439, "val_unsafe_acc": 0.6848888927698136, "_wandb": {"runtime": 1302}}