{"loss_lip": 0.000528647331520915, "_timestamp": 1740891252.780044, "_runtime": 191.739825963974, "_step": 1662, "train_loss_safe": 0.1260838657617569, "train_loss_unsafe": 0.1655883491039276, "train_loss_grad": 0.02215482108294964, "train_dynamics_loss": 0.8034321665763855, "train_cbf_loss": 0.31382703594863415, "train_total_loss": 1.1172592025250196, "train_avg_safe_B": -0.026083866134285927, "train_avg_unsafe_B": -0.03262432664632797, "train_safe_acc": 0.0, "train_unsafe_acc": 1.0, "step": 799, "val_loss_safe": 0.10242304615676404, "val_loss_unsafe": 0.1958301544189453, "val_loss_grad": 0.021516282530501484, "val_cbf_loss": 0.31976948310621084, "val_avg_safe_B": -0.0024230444978456944, "val_avg_unsafe_B": -0.009361412236467003, "val_safe_acc": 0.28331692442297934, "val_unsafe_acc": 0.9549901098012924, "val_total_loss": 1.3087530456949026, "val_dynamics_loss": 0.9889835625886917, "_wandb": {"runtime": 197}}