{"loss_lip": 0.022911345586180687, "_timestamp": 1741794702.261357, "_runtime": 3515.9152171611786, "_step": 44295, "logsumexp_h": 2.6170662471226285, "train_loss_safe": 0.005515791941434145, "train_loss_unsafe": 0.048522692173719406, "train_loss_grad": 0.07569411396980286, "train_loss_cql": 0.1661367118358612, "train_dynamics_loss": 0.007079379633069038, "train_cbf_loss": 0.2958693099208176, "train_total_loss": 0.30294868955388665, "train_avg_safe_B": 0.17316627502441406, "train_avg_unsafe_B": -0.1499328315258026, "train_safe_acc": 0.969565212726593, "train_unsafe_acc": 0.8846153616905212, "step": 13999, "val_loss_safe": 0.006085251702461392, "val_loss_unsafe": 0.03682362926192582, "val_loss_grad": 0.05727929752320051, "val_loss_cql": 0.16610073819756507, "val_cbf_loss": 0.10018817848758772, "val_avg_safe_B": 0.17033587396144867, "val_avg_unsafe_B": -0.1687042735517025, "val_safe_acc": 0.9691503018140792, "val_unsafe_acc": 0.8940259933471679, "val_total_loss": 0.10513052666792647, "val_dynamics_loss": 0.0049423481803387405, "_wandb": {"runtime": 3595}}