{"loss_lip": 0.02142874151468277, "_timestamp": 1741805244.933294, "_runtime": 3559.6851880550385, "_step": 44295, "logsumexp_h": 2.5144801139831543, "train_loss_safe": 0.006883072666823864, "train_loss_unsafe": 0.04831262305378914, "train_loss_grad": 0.07147400081157684, "train_loss_cql": 0.23803162574768066, "train_dynamics_loss": 0.007079379633069038, "train_cbf_loss": 0.3647013222798705, "train_total_loss": 0.37178070191293955, "train_avg_safe_B": 0.13738301396369934, "train_avg_unsafe_B": -0.15738168358802795, "train_safe_acc": 0.95652174949646, "train_unsafe_acc": 0.8846153616905212, "step": 13999, "val_loss_safe": 0.007213608827441931, "val_loss_unsafe": 0.033150421222671866, "val_loss_grad": 0.06575036831200123, "val_loss_cql": 0.2382432147860527, "val_cbf_loss": 0.10611439836211503, "val_avg_safe_B": 0.13523653149604797, "val_avg_unsafe_B": -0.17642244175076485, "val_safe_acc": 0.9648467272520065, "val_unsafe_acc": 0.8961093246936798, "val_total_loss": 0.11105674654245377, "val_dynamics_loss": 0.0049423481803387405, "_wandb": {"runtime": 3639}}