{"loss_lip": 0.048403725028038025, "_timestamp": 1742596947.839574, "_runtime": 2911.9746491909027, "_step": 12439, "train_loss_safe": 0.0023758814204484224, "train_loss_unsafe": 0.0840783342719078, "train_loss_grad": 0.09218661487102509, "train_loss_cql": 0.0, "train_dynamics_loss": 0.006004381459206343, "train_cbf_loss": 0.17864083056338131, "train_total_loss": 0.18464521202258766, "train_avg_safe_B": 0.37173911929130554, "train_avg_unsafe_B": -0.25419455766677856, "train_safe_acc": 0.9873417615890503, "train_unsafe_acc": 0.8421052694320679, "step": 6009, "val_loss_safe": 0.00357069403398782, "val_loss_unsafe": 0.06969956296961755, "val_loss_grad": 0.13449860811233522, "val_loss_cql": 0.0, "val_cbf_loss": 0.2077688651159406, "val_avg_safe_B": 0.3600763723254204, "val_avg_unsafe_B": -0.2651751771569252, "val_safe_acc": 0.9831620782613755, "val_unsafe_acc": 0.8677155286073684, "val_total_loss": 0.21639489736407996, "val_dynamics_loss": 0.008626032248139381, "_wandb": {"runtime": 2911}}