{"train_loss_safe": 0.009394806809723377, "train_loss_unsafe": 0.2687017619609833, "train_loss_grad": 0.0, "train_loss_cql": 0.0, "train_dynamics_loss": 0.22778894007205963, "train_cbf_loss": 0.27809656877070665, "train_total_loss": 0.5058855088427663, "train_avg_safe_B": 0.07068054378032684, "train_avg_unsafe_B": 0.07391811162233353, "train_safe_acc": 1.0, "train_unsafe_acc": 0.0, "step": 3, "_timestamp": 1744424125.6259892, "_runtime": 13.37877631187439, "_step": 3, "_wandb": {"runtime": 12}}