{"train_loss_safe": 0.052205510437488556, "train_loss_unsafe": 0.16356000304222107, "train_loss_grad": 0.0, "train_dynamics_loss": 0.02686387300491333, "train_cbf_loss": 0.21576551347970963, "train_total_loss": 0.24262938648462296, "train_avg_safe_B": 0.04779449477791786, "train_avg_unsafe_B": 0.036299996078014374, "train_safe_acc": 1.0, "train_unsafe_acc": 0.0, "train_loss_lip": 3.5214907256886363e-06, "step": 815, "_timestamp": 1740597808.884415, "_runtime": 203.2947919368744, "_step": 819, "val_loss_safe": 0.050919935666024686, "val_loss_unsafe": 0.1576908752322197, "val_loss_grad": 4.865343762503471e-05, "val_cbf_loss": 0.20866236512988506, "val_avg_safe_B": 0.04908006582409143, "val_avg_unsafe_B": 0.0314090570434928, "val_safe_acc": 1.0, "val_unsafe_acc": 0.0, "val_total_loss": 0.2321663127604097, "val_loss_lip": 2.671695460776391e-06, "val_dynamics_loss": 0.023503947630524637, "_wandb": {"runtime": 204}}