{"train_loss_safe": 0.059584807604551315, "train_loss_unsafe": 0.038807135075330734, "train_loss_grad": 0.4009993076324463, "train_loss_cql": 2.096389055252075, "train_dynamics_loss": 0.0015535115962848067, "train_cbf_loss": 2.5957803055644035, "train_total_loss": 2.5973338171606883, "train_avg_safe_B": 0.08390659838914871, "train_avg_unsafe_B": -0.4098108112812042, "train_safe_acc": 0.8270041942596436, "train_unsafe_acc": 0.9473684430122375, "step": 14999, "_timestamp": 1744398128.610614, "_runtime": 3258.895549058914, "_step": 14999, "val_loss_safe": 0.06930902861058712, "val_loss_unsafe": 0.0145482935506152, "val_loss_grad": 0.4597852110862732, "val_loss_cql": 2.1237243890762327, "val_cbf_loss": 0.5436425332474755, "val_avg_safe_B": 0.07097269836813211, "val_avg_unsafe_B": -0.5785440877079964, "val_safe_acc": 0.7862272053956986, "val_unsafe_acc": 0.9662984937429429, "val_total_loss": 0.5486325956328073, "val_dynamics_loss": 0.004990062385331839, "_wandb": {"runtime": 3338}}