{"loss_lip": 0.02445467934012413, "_timestamp": 1745789894.260363, "_runtime": 716.7127690315247, "_step": 7486, "train_loss_safe": 0.0046326396986842155, "train_loss_unsafe": 0.06690903007984161, "train_loss_grad": 0.0744871199131012, "train_loss_cql": 0.0, "train_dynamics_loss": 0.03698669746518135, "train_cbf_loss": 0.14602878969162703, "train_total_loss": 0.18301548715680838, "train_avg_safe_B": 0.2001192420721054, "train_avg_unsafe_B": -0.36874786019325256, "train_safe_acc": 0.995121955871582, "train_unsafe_acc": 0.8039215803146362, "step": 3616, "val_loss_safe": 0.005340474320109934, "val_loss_unsafe": 0.06030351612716913, "val_loss_grad": 0.06448178924620152, "val_loss_cql": 0.0, "val_cbf_loss": 0.13012577969348058, "val_avg_safe_B": 0.19947913587093352, "val_avg_unsafe_B": -0.3912651866674423, "val_safe_acc": 0.9794974625110626, "val_unsafe_acc": 0.8260355532169342, "val_total_loss": 0.1647524564876221, "val_dynamics_loss": 0.03462667679414153, "_wandb": {"runtime": 716}}