{"train_loss_safe": 0.01527467556297779, "train_loss_unsafe": 0.14902235567569733, "train_loss_grad": 0.03136291354894638, "train_loss_cql": 0.0, "train_dynamics_loss": 0.0025958975311368704, "train_cbf_loss": 0.1956599447876215, "train_total_loss": 0.19825584231875837, "train_avg_safe_B": 0.06558990478515625, "train_avg_unsafe_B": -0.05521593987941742, "train_safe_acc": 0.9453125, "train_unsafe_acc": 0.4957337975502014, "step": 1172, "_timestamp": 1744418017.797733, "_runtime": 423.8745701313019, "_step": 1175, "val_loss_safe": 0.01926360889337957, "val_loss_unsafe": 0.15411721989512445, "val_loss_grad": 0.03615450374782085, "val_loss_cql": 0.0, "val_cbf_loss": 0.2095353325363249, "val_avg_safe_B": 0.061157239601016045, "val_avg_unsafe_B": -0.04241149481385946, "val_safe_acc": 0.9309323340654373, "val_unsafe_acc": 0.486816494166851, "val_total_loss": 0.21328962014522407, "val_dynamics_loss": 0.003754287608899176, "_wandb": {"runtime": 423}}