{"loss_lip": 0.012449502944946289, "_timestamp": 1740893394.955789, "_runtime": 175.95583319664001, "_step": 1662, "train_loss_safe": 0.02795562706887722, "train_loss_unsafe": 0.07384537160396576, "train_loss_grad": 0.06389161944389343, "train_dynamics_loss": 0.013125580735504627, "train_cbf_loss": 0.1656926181167364, "train_total_loss": 0.17881819885224104, "train_avg_safe_B": 0.08361448347568512, "train_avg_unsafe_B": -0.12943027913570404, "train_safe_acc": 0.8813559412956238, "train_unsafe_acc": 0.800000011920929, "step": 799, "val_loss_safe": 0.027214036136865617, "val_loss_unsafe": 0.0910513917915523, "val_loss_grad": 0.04540000827983022, "val_cbf_loss": 0.16366543620824814, "val_avg_safe_B": 0.07902043275535106, "val_avg_unsafe_B": -0.10467017907649279, "val_safe_acc": 0.8912721604108811, "val_unsafe_acc": 0.8021563917398453, "val_total_loss": 0.19316519591957332, "val_dynamics_loss": 0.02949975971132517, "_wandb": {"runtime": 2169}}