{"train_loss_safe": 0.23616936802864075, "train_loss_unsafe": 0.007638163398951292, "train_loss_grad": 0.23496098816394806, "train_avg_safe_B": -0.19727754592895508, "train_avg_unsafe_B": -0.20225737988948822, "train_total_loss": 0.4787685195915401, "step": 216, "_timestamp": 1740279811.947157, "_runtime": 180.72678399085999, "_step": 219, "val_loss_safe": 0.23610028222203255, "val_loss_unsafe": 0.0031202223571017386, "val_loss_grad": 0.23583875164389612, "val_avg_safe_B": -0.18870723113417626, "val_avg_unsafe_B": -0.2024319836497307, "val_total_loss": 0.4750592562230304, "_wandb": {"runtime": 181}}