{"loss_lip": 0.09030355513095856, "_timestamp": 1741756765.1245298, "_runtime": 3870.861464738846, "_step": 44295, "logsumexp_h": 2.1896166801452637, "train_loss_safe": 0.0740075334906578, "train_loss_unsafe": 0.024583211168646812, "train_loss_grad": 0.4840294122695923, "train_loss_cql": 2.1310174465179443, "train_dynamics_loss": 0.007079379633069038, "train_cbf_loss": 2.7136376034468412, "train_total_loss": 2.7207169830799103, "train_avg_safe_B": 0.06791464239358902, "train_avg_unsafe_B": -0.45474302768707275, "train_safe_acc": 0.782608687877655, "train_unsafe_acc": 0.9615384340286255, "step": 13999, "val_loss_safe": 0.07312469966709614, "val_loss_unsafe": 0.015589947189437226, "val_loss_grad": 0.577138040959835, "val_loss_cql": 2.1388410091400147, "val_cbf_loss": 0.6658526878163684, "val_avg_safe_B": 0.06011627893894911, "val_avg_unsafe_B": -0.5349924728274346, "val_safe_acc": 0.7859504520893097, "val_unsafe_acc": 0.9535150200128555, "val_total_loss": 0.6707950359967072, "val_dynamics_loss": 0.0049423481803387405, "_wandb": {"runtime": 3950}}