{"loss_lip": 0.1118377149105072, "_timestamp": 1740994373.87844, "_runtime": 3318.9332048892975, "_step": 44295, "logsumexp_h": 2.789923667907715, "train_loss_safe": 0.02908402681350708, "train_loss_unsafe": 0.05032573640346527, "train_loss_grad": 0.9081252813339233, "train_loss_cql": 2.192199230194092, "train_dynamics_loss": 0.006633870769292116, "train_cbf_loss": 3.1797342747449875, "train_total_loss": 3.1863681455142796, "train_avg_safe_B": 0.563003659248352, "train_avg_unsafe_B": -0.6073212027549744, "train_safe_acc": 0.9159663915634155, "train_unsafe_acc": 0.8888888955116272, "step": 13999, "val_loss_safe": 0.012473361508455127, "val_loss_unsafe": 0.056587414222303775, "val_loss_grad": 0.686906436085701, "val_loss_cql": 2.1306593656539916, "val_cbf_loss": 0.7559672118164599, "val_avg_safe_B": 0.6351068407297135, "val_avg_unsafe_B": -0.5470151782035828, "val_safe_acc": 0.9637889117002487, "val_unsafe_acc": 0.9147842437028885, "val_total_loss": 0.7646711478475481, "val_dynamics_loss": 0.008703936031088233, "_wandb": {"runtime": 3398}}