{"train_loss_safe": 0.05635371804237366, "train_loss_unsafe": 0.19491571187973022, "train_loss_grad": 0.007852628827095032, "train_loss_cql": 2.3980753421783447, "train_dynamics_loss": 0.0678534209728241, "train_cbf_loss": 2.6571974009275436, "train_total_loss": 2.7250508219003677, "train_avg_safe_B": 0.023646280169487, "train_avg_unsafe_B": 0.012429746799170971, "train_safe_acc": 0.9914529919624329, "train_unsafe_acc": 0.1818181872367859, "step": 93, "_timestamp": 1744394759.393378, "_runtime": 20.17172408103943, "_step": 93, "_wandb": {"runtime": 19}}