{"train_loss_safe": 0.04478698596358299, "train_loss_unsafe": 0.2637099325656891, "train_loss_grad": 0.0024559935554862022, "train_avg_safe_B": 0.05521301180124283, "train_avg_unsafe_B": 0.05285380408167839, "train_total_loss": 0.3109529120847583, "train_safe_acc": 1.0, "train_unsafe_acc": 0.0, "step": 600, "_timestamp": 1740439537.146734, "_runtime": 189.9633378982544, "_step": 603, "val_loss_safe": 0.04497784096747637, "val_loss_unsafe": 0.2644999593496323, "val_loss_grad": 0.0017240262066479772, "val_avg_safe_B": 0.055022159777581695, "val_avg_unsafe_B": 0.053461506776511666, "val_total_loss": 0.3112018265237566, "val_safe_acc": 1.0, "val_unsafe_acc": 0.0, "_wandb": {"runtime": 200}}