{"train_loss_safe": 0.07316550612449646, "train_loss_unsafe": 0.19670060276985168, "train_loss_grad": 0.4776386618614197, "train_loss_cql": 0.0, "train_dynamics_loss": 0.00022352034284267575, "train_cbf_loss": 0.7475047707557678, "train_total_loss": 0.7477282910986105, "train_avg_safe_B": 0.05431869998574257, "train_avg_unsafe_B": -0.2840259373188019, "train_safe_acc": 0.7283464670181274, "train_unsafe_acc": 0.841015636920929, "step": 14999, "_timestamp": 1744563547.6143842, "_runtime": 3381.5294620990753, "_step": 15049, "val_loss_safe": 0.06609828043729067, "val_loss_unsafe": 0.19959579184651374, "val_loss_grad": 0.3867696449160576, "val_loss_cql": 0.0, "val_cbf_loss": 0.652463717199862, "val_avg_safe_B": 0.06166443824768066, "val_avg_unsafe_B": -0.2795885384082794, "val_safe_acc": 0.7562958300113678, "val_unsafe_acc": 0.8328710913658142, "val_total_loss": 0.6528063823017873, "val_dynamics_loss": 0.0003426651019253768, "_wandb": {"runtime": 3461}}