{"loss_lip": 0.09015924483537674, "_timestamp": 1740946647.2946482, "_runtime": 4323.300639152527, "_step": 48074, "logsumexp_h": {"_type": "histogram", "values": [1, 0, 0, 0, 0, 0, 0, 0, 0, 0, 2, 1, 0, 0, 3, 1, 0, 0, 6, 4, 11, 9, 6, 4, 2, 1, 10, 23, 19, 5, 3, 4], "bins": [2.2084412574768066, 2.22005033493042, 2.231659412384033, 2.2432684898376465, 2.2548775672912598, 2.266486644744873, 2.2780957221984863, 2.2897047996520996, 2.301313877105713, 2.312922954559326, 2.3245320320129395, 2.3361411094665527, 2.347750186920166, 2.3593592643737793, 2.3709683418273926, 2.382577419281006, 2.394186496734619, 2.4057958126068115, 2.417404890060425, 2.429013967514038, 2.4406230449676514, 2.4522321224212646, 2.463841199874878, 2.475450277328491, 2.4870593547821045, 2.4986684322357178, 2.510277509689331, 2.5218865871429443, 2.5334956645965576, 2.545104742050171, 2.556713819503784, 2.5683228969573975, 2.5799319744110107]}, "train_loss_safe": 0.029209382832050323, "train_loss_unsafe": 0.1057649627327919, "train_loss_grad": 0.018063904717564583, "train_loss_cql": 0.16778628528118134, "train_dynamics_loss": 0.025683633983135223, "train_cbf_loss": 0.32082453556358814, "train_total_loss": 0.34650816954672337, "train_avg_safe_B": 0.07171394675970078, "train_avg_unsafe_B": -0.07174695283174515, "train_safe_acc": 0.9829059839248657, "train_unsafe_acc": 0.6363636255264282, "step": 14999, "val_loss_safe": 0.031370424944907424, "val_loss_unsafe": 0.09829401914030314, "val_loss_grad": 0.016792915924452246, "val_loss_cql": 0.16771180033683777, "val_cbf_loss": 0.31416916034650055, "val_avg_safe_B": 0.07000346705317498, "val_avg_unsafe_B": -0.07819120129570364, "val_safe_acc": 0.9602920919656753, "val_unsafe_acc": 0.7792490661144257, "val_total_loss": 0.3191664246609434, "val_dynamics_loss": 0.004997264314442873, "_wandb": {"runtime": 4402}}