{"loss_lip": 0.00822041928768158, "_timestamp": 1740893202.28052, "_runtime": 15.42694091796875, "_step": 399, "train_loss_safe": 0.06817494332790375, "train_loss_unsafe": 0.05320022627711296, "train_loss_grad": 0.037226878106594086, "train_dynamics_loss": 0.06528070569038391, "train_cbf_loss": 0.1586020477116108, "train_total_loss": 0.2238827534019947, "train_avg_safe_B": 0.03226982802152634, "train_avg_unsafe_B": -0.11907675117254257, "train_safe_acc": 0.7966101765632629, "train_unsafe_acc": 1.0, "step": 199, "_wandb": {"runtime": 21}}