{"loss_lip": 0.03087012656033039, "_timestamp": 1741756821.204774, "_runtime": 3963.2070620059967, "_step": 44295, "logsumexp_h": 2.3908541202545166, "train_loss_safe": 0.041625797748565674, "train_loss_unsafe": 0.020428409799933434, "train_loss_grad": 0.14216496050357819, "train_loss_cql": 2.349285840988159, "train_dynamics_loss": 0.010267269797623158, "train_cbf_loss": 2.5535050090402365, "train_total_loss": 2.5637722788378596, "train_avg_safe_B": 0.0410081148147583, "train_avg_unsafe_B": -0.6484062671661377, "train_safe_acc": 0.8232558369636536, "train_unsafe_acc": 0.9512194991111755, "step": 13999, "val_loss_safe": 0.03759261649101973, "val_loss_unsafe": 0.014836387452669441, "val_loss_grad": 0.12615504153072835, "val_loss_cql": 2.3521836519241335, "val_cbf_loss": 0.17858404547441753, "val_avg_safe_B": 0.04452783279120922, "val_avg_unsafe_B": -0.6129021137952805, "val_safe_acc": 0.8493915051221848, "val_unsafe_acc": 0.9706438332796097, "val_total_loss": 0.19755582718644293, "val_dynamics_loss": 0.018971781712025404, "_wandb": {"runtime": 4051}}