{"train_loss_safe": 0.048037089407444, "train_loss_unsafe": 0.18780517578125, "train_loss_grad": 0.5634510517120361, "train_loss_cql": 0.0, "train_dynamics_loss": 0.00014123746950645, "train_cbf_loss": 0.7992933169007301, "train_total_loss": 0.7994345543702366, "train_avg_safe_B": 0.18241660296916962, "train_avg_unsafe_B": -0.32980409264564514, "train_safe_acc": 0.81640625, "train_unsafe_acc": 0.8414062261581421, "step": 49999, "_timestamp": 1744675224.902903, "_runtime": 11123.217211961746, "_step": 50165, "val_loss_safe": 0.050076245702803134, "val_loss_unsafe": 0.21408735513687133, "val_loss_grad": 0.6928458988666535, "val_loss_cql": 0.0, "val_cbf_loss": 0.9570094997063279, "val_avg_safe_B": 0.19639360681176185, "val_avg_unsafe_B": -0.3063856825232506, "val_safe_acc": 0.8153398722410202, "val_unsafe_acc": 0.8209374994039536, "val_total_loss": 0.957378323314333, "val_dynamics_loss": 0.00036882360800518656, "_wandb": {"runtime": 11162}}