{"loss_lip": 0.06401145458221436, "_timestamp": 1741028050.293853, "_runtime": 3461.4973311424255, "_step": 44295, "logsumexp_h": 2.2273576259613037, "train_loss_safe": 0.0914967954158783, "train_loss_unsafe": 0.0025085650850087404, "train_loss_grad": 0.8469040989875793, "train_loss_cql": 2.227248430252075, "train_dynamics_loss": 0.006633870769292116, "train_cbf_loss": 3.1681578897405416, "train_total_loss": 3.1747917605098337, "train_avg_safe_B": 0.009697597473859787, "train_avg_unsafe_B": -0.4141259789466858, "train_safe_acc": 0.7058823704719543, "train_unsafe_acc": 1.0, "step": 13999, "val_loss_safe": 0.06868600025773049, "val_loss_unsafe": 0.011458702385425568, "val_loss_grad": 0.68539250344038, "val_loss_cql": 2.187842059135437, "val_cbf_loss": 0.7655372060835361, "val_avg_safe_B": 0.033773108199238774, "val_avg_unsafe_B": -0.4387752115726471, "val_safe_acc": 0.7533480763435364, "val_unsafe_acc": 0.9812332093715668, "val_total_loss": 0.7742411421146244, "val_dynamics_loss": 0.008703936031088233, "_wandb": {"runtime": 3537}}