{"loss_lip": 0.00019929376139771193, "_timestamp": 1740611235.175232, "_runtime": 207.77275395393372, "_step": 1715, "train_loss_safe": 0.016680866479873657, "train_loss_unsafe": 0.03645479306578636, "train_loss_grad": 0.05174338072538376, "train_dynamics_loss": 0.02686387300491333, "train_cbf_loss": 0.10487904027104378, "train_total_loss": 0.1317429132759571, "train_avg_safe_B": 0.042411405593156815, "train_avg_unsafe_B": -0.11039407551288605, "train_safe_acc": 0.8660714030265808, "train_unsafe_acc": 0.875, "step": 815, "val_loss_safe": 0.015735186636447906, "val_loss_unsafe": 0.06494502541609108, "val_loss_grad": 0.04464562023058534, "val_cbf_loss": 0.12532583228312433, "val_avg_safe_B": 0.045784545317292216, "val_avg_unsafe_B": -0.09018422309309244, "val_safe_acc": 0.8717708915472031, "val_unsafe_acc": 0.7766688942909241, "val_total_loss": 0.14882977991364896, "val_dynamics_loss": 0.023503947630524637, "_wandb": {"runtime": 212}}