{"loss_lip": 0.02109973132610321, "_timestamp": 1741813628.391165, "_runtime": 4075.3255960941315, "_step": 44295, "logsumexp_h": 2.633532762527466, "train_loss_safe": 0.00703931599855423, "train_loss_unsafe": 0.04812169447541237, "train_loss_grad": 0.07342711836099625, "train_loss_cql": 0.11852194368839264, "train_dynamics_loss": 0.007079379633069038, "train_cbf_loss": 0.24711007252335548, "train_total_loss": 0.2541894521564245, "train_avg_safe_B": 0.13333992660045624, "train_avg_unsafe_B": -0.1575273722410202, "train_safe_acc": 0.95652174949646, "train_unsafe_acc": 0.8846153616905212, "step": 13999, "val_loss_safe": 0.007418530073482543, "val_loss_unsafe": 0.03284782492555678, "val_loss_grad": 0.06465067574754357, "val_loss_cql": 0.11857728660106659, "val_cbf_loss": 0.1049170307465829, "val_avg_safe_B": 0.13113306351006032, "val_avg_unsafe_B": -0.1762439176440239, "val_safe_acc": 0.964212891459465, "val_unsafe_acc": 0.8961093246936798, "val_total_loss": 0.10985937892692164, "val_dynamics_loss": 0.0049423481803387405, "_wandb": {"runtime": 4154}}