{"train_loss_safe": 0.020554227754473686, "train_loss_unsafe": 0.16091503202915192, "train_loss_grad": 0.024675287306308746, "train_loss_cql": 0.0, "train_dynamics_loss": 0.004726933781057596, "train_cbf_loss": 0.20614454708993435, "train_total_loss": 0.21087148087099195, "train_avg_safe_B": 0.05982717126607895, "train_avg_unsafe_B": -0.03169405832886696, "train_safe_acc": 0.9333333373069763, "train_unsafe_acc": 0.4725457429885864, "step": 899, "_timestamp": 1744416144.762563, "_runtime": 173.2720251083374, "_step": 902, "val_loss_safe": 0.01908659297041595, "val_loss_unsafe": 0.15647431686520577, "val_loss_grad": 0.03637068010866642, "val_loss_cql": 0.0, "val_cbf_loss": 0.21193158994428815, "val_avg_safe_B": 0.061317149363458154, "val_avg_unsafe_B": -0.039768979884684086, "val_safe_acc": 0.9315205752849579, "val_unsafe_acc": 0.4768995851278305, "val_total_loss": 0.21568587755318733, "val_dynamics_loss": 0.003754287608899176, "_wandb": {"runtime": 199}}