{"train_loss_safe": 0.25023353099823, "train_loss_unsafe": 0.525973379611969, "train_loss_grad": 0.40266966819763184, "train_avg_safe_B": -0.20023353397846222, "train_avg_unsafe_B": -0.2166304588317871, "train_total_loss": 1.1788765788078308, "step": 16, "_timestamp": 1740280544.076472, "_runtime": 62.95615816116333, "_step": 17, "val_loss_safe": 0.08774389855563641, "val_loss_unsafe": 6.399414882659912, "val_loss_grad": 0.17184214979410173, "val_avg_safe_B": -0.03770057126879692, "val_avg_unsafe_B": -0.0380146302212961, "val_total_loss": 6.6590009310096505, "_wandb": {"runtime": 64}}