{"train_loss_safe": 0.01066506840288639, "train_loss_unsafe": 0.26322463154792786, "train_loss_grad": 0.0, "train_loss_cql": 0.0, "train_dynamics_loss": 0.2621380090713501, "train_cbf_loss": 0.27388969995081425, "train_total_loss": 0.5360277090221643, "train_avg_safe_B": 0.06936654448509216, "train_avg_unsafe_B": 0.0693538561463356, "train_safe_acc": 1.0, "train_unsafe_acc": 0.0, "step": 7, "_timestamp": 1744416733.3725598, "_runtime": 13.439314842224121, "_step": 7, "_wandb": {"runtime": 12}}