{"train_loss_safe": 0.005704647861421108, "train_loss_unsafe": 0.09857958555221558, "train_loss_grad": 0.054810378700494766, "train_loss_cql": 0.0, "train_dynamics_loss": 0.00019757314294110984, "train_cbf_loss": 0.15909461211413145, "train_total_loss": 0.15929218525707256, "train_avg_safe_B": 0.17116636037826538, "train_avg_unsafe_B": -0.2911853790283203, "train_safe_acc": 0.9764705896377563, "train_unsafe_acc": 0.7042085528373718, "step": 14999, "_timestamp": 1744492311.750947, "_runtime": 10436.846030950546, "_step": 15049, "val_loss_safe": 0.004685355961555615, "val_loss_unsafe": 0.08765016049146652, "val_loss_grad": 0.11149131041020155, "val_loss_cql": 0.0, "val_cbf_loss": 0.20382682686322368, "val_avg_safe_B": 0.19367893487215043, "val_avg_unsafe_B": -0.3325873911380768, "val_safe_acc": 0.9811459183692932, "val_unsafe_acc": 0.7381934612989426, "val_total_loss": 0.20422571729286573, "val_dynamics_loss": 0.0003988904296420515, "_wandb": {"runtime": 10527}}