{"train_loss_safe": 0.004535081330686808, "train_loss_unsafe": 0.16083738207817078, "train_loss_grad": 0.0, "train_dynamics_loss": 0.05071213096380234, "train_cbf_loss": 0.16537246340885758, "train_total_loss": 0.21608459437265992, "train_avg_safe_B": 0.04856555908918381, "train_avg_unsafe_B": 0.0398586131632328, "train_safe_acc": 1.0, "train_unsafe_acc": 0.0, "step": 415, "_timestamp": 1740598107.476177, "_runtime": 111.05958104133606, "_step": 417, "val_loss_safe": 0.004704631783533841, "val_loss_unsafe": 0.16044879257678984, "val_loss_grad": 0.0, "val_cbf_loss": 0.16515342436032368, "val_avg_safe_B": 0.0483502434566617, "val_avg_unsafe_B": 0.03952069263905287, "val_safe_acc": 1.0, "val_unsafe_acc": 0.0, "val_total_loss": 0.20472862395690752, "val_dynamics_loss": 0.03957519959658384, "_wandb": {"runtime": 113}}