{"loss_lip": 0.02938980981707573, "_timestamp": 1741731959.148455, "_runtime": 4214.900901794434, "_step": 44295, "logsumexp_h": 2.284925699234009, "train_loss_safe": 0.024322137236595154, "train_loss_unsafe": 0.016627462580800056, "train_loss_grad": 4.49018669128418, "train_loss_cql": 2.198561429977417, "train_dynamics_loss": 2.1823456287384033, "train_cbf_loss": 6.729697721078992, "train_total_loss": 8.912043349817395, "train_avg_safe_B": 0.08487441390752792, "train_avg_unsafe_B": -0.21972504258155823, "train_safe_acc": 0.8999999761581421, "train_unsafe_acc": 0.9230769276618958, "step": 13999, "val_loss_safe": 0.021064526541158556, "val_loss_unsafe": 0.023370475973933935, "val_loss_grad": 5.276277208328247, "val_loss_cql": 2.19690865278244, "val_cbf_loss": 5.32071221084334, "val_avg_safe_B": 0.0887367244809866, "val_avg_unsafe_B": -0.21868978589773178, "val_safe_acc": 0.9080386519432068, "val_unsafe_acc": 0.9335230439901352, "val_total_loss": 7.857274021813646, "val_dynamics_loss": 2.5365618109703063, "_wandb": {"runtime": 4294}}