{"loss_lip": 0.023404238745570183, "_timestamp": 1741825432.2809339, "_runtime": 3833.4152748584747, "_step": 44295, "logsumexp_h": 2.7204458713531494, "train_loss_safe": 0.0054589551873505116, "train_loss_unsafe": 0.04841524735093117, "train_loss_grad": 0.07445897907018661, "train_loss_cql": 0.11828269809484482, "train_dynamics_loss": 0.007079379633069038, "train_cbf_loss": 0.2466158797033131, "train_total_loss": 0.25369525933638215, "train_avg_safe_B": 0.1773141473531723, "train_avg_unsafe_B": -0.15130658447742462, "train_safe_acc": 0.969565212726593, "train_unsafe_acc": 0.8846153616905212, "step": 13999, "val_loss_safe": 0.006065348838455975, "val_loss_unsafe": 0.036962388269603255, "val_loss_grad": 0.059691482316702606, "val_loss_cql": 0.11828923784196377, "val_cbf_loss": 0.10271921942476184, "val_avg_safe_B": 0.17441772744059564, "val_avg_unsafe_B": -0.17008400484919547, "val_safe_acc": 0.9691503018140792, "val_unsafe_acc": 0.8940259933471679, "val_total_loss": 0.10766156760510058, "val_dynamics_loss": 0.0049423481803387405, "_wandb": {"runtime": 3913}}