{"loss_lip": 0.058300428092479706, "_timestamp": 1741776781.845533, "_runtime": 3069.35115981102, "_step": 29175, "train_loss_safe": 0.003680738154798746, "train_loss_unsafe": 0.05055811256170273, "train_loss_grad": 0.31443822383880615, "train_loss_cql": 0.0, "train_dynamics_loss": 0.010267269797623158, "train_cbf_loss": 0.3686770745553076, "train_total_loss": 0.3789443443529308, "train_avg_safe_B": 0.5213525891304016, "train_avg_unsafe_B": -0.6994422078132629, "train_safe_acc": 0.9860464930534363, "train_unsafe_acc": 0.8780487775802612, "step": 13999, "val_loss_safe": 0.0034506301279179754, "val_loss_unsafe": 0.05293149705976248, "val_loss_grad": 0.18457399867475033, "val_loss_cql": 0.0, "val_cbf_loss": 0.2409561258624308, "val_avg_safe_B": 0.5368990704417229, "val_avg_unsafe_B": -0.6433825641870499, "val_safe_acc": 0.9856318771839142, "val_unsafe_acc": 0.8893581092357635, "val_total_loss": 0.25992790757445616, "val_dynamics_loss": 0.018971781712025404, "_wandb": {"runtime": 3149}}