{"train_loss_safe": 0.017729636281728745, "train_loss_unsafe": 0.254229336977005, "train_loss_grad": 0.0, "train_loss_cql": 0.0, "train_dynamics_loss": 0.2660825848579407, "train_cbf_loss": 0.27195897325873375, "train_total_loss": 0.5380415581166744, "train_avg_safe_B": 0.062270358204841614, "train_avg_unsafe_B": 0.061857763677835464, "train_safe_acc": 1.0, "train_unsafe_acc": 0.0, "step": 44, "_timestamp": 1744406530.424969, "_runtime": 18.01188898086548, "_step": 44, "_wandb": {"runtime": 17}}