{"train_loss_safe": 0.0728025734424591, "train_loss_unsafe": 0.6142840385437012, "train_loss_grad": 0.02968323603272438, "train_loss_cql": 0.0, "train_dynamics_loss": 0.23704950511455536, "train_cbf_loss": 0.7167698480188847, "train_total_loss": 0.95381935313344, "train_avg_safe_B": 0.007197428494691849, "train_avg_unsafe_B": 0.007142017595469952, "train_safe_acc": 0.6980392336845398, "train_unsafe_acc": 0.2652343809604645, "step": 55, "_timestamp": 1744580895.123231, "_runtime": 16.08503484725952, "_step": 55, "_wandb": {"runtime": 15}}