{"loss_lip": 0.021773453801870346, "_timestamp": 1741776429.982267, "_runtime": 3049.701581954956, "_step": 29175, "train_loss_safe": 0.005329490173608065, "train_loss_unsafe": 0.04833294451236725, "train_loss_grad": 0.06297872215509415, "train_loss_cql": 0.0, "train_dynamics_loss": 0.007079379633069038, "train_cbf_loss": 0.11664115684106946, "train_total_loss": 0.1237205364741385, "train_avg_safe_B": 0.1690293699502945, "train_avg_unsafe_B": -0.13886557519435883, "train_safe_acc": 0.969565212726593, "train_unsafe_acc": 0.8846153616905212, "step": 13999, "val_loss_safe": 0.006156289263162762, "val_loss_unsafe": 0.036453191703185436, "val_loss_grad": 0.0555406516417861, "val_loss_cql": 0.0, "val_cbf_loss": 0.0981501326081343, "val_avg_safe_B": 0.16899225786328315, "val_avg_unsafe_B": -0.15698996782302857, "val_safe_acc": 0.9695770293474197, "val_unsafe_acc": 0.8961093246936798, "val_total_loss": 0.10309248078847304, "val_dynamics_loss": 0.0049423481803387405, "_wandb": {"runtime": 3129}}