{"loss_lip": 0.05428570881485939, "_timestamp": 1741795361.365404, "_runtime": 3596.7639257907867, "_step": 44295, "logsumexp_h": 3.0949759483337402, "train_loss_safe": 0.003449889598414302, "train_loss_unsafe": 0.050636496394872665, "train_loss_grad": 0.27473896741867065, "train_loss_cql": 0.16639213263988495, "train_dynamics_loss": 0.010267269797623158, "train_cbf_loss": 0.49521748605184257, "train_total_loss": 0.5054847558494657, "train_avg_safe_B": 0.48728275299072266, "train_avg_unsafe_B": -0.6904391646385193, "train_safe_acc": 0.9813953638076782, "train_unsafe_acc": 0.8780487775802612, "step": 13999, "val_loss_safe": 0.0032543705950956793, "val_loss_unsafe": 0.051969018299132586, "val_loss_grad": 0.16063073314726353, "val_loss_cql": 0.1666516937315464, "val_cbf_loss": 0.2158541220414918, "val_avg_safe_B": 0.5011736795306205, "val_avg_unsafe_B": -0.6346720933914185, "val_safe_acc": 0.9870863080024719, "val_unsafe_acc": 0.8869590550661087, "val_total_loss": 0.2348259037535172, "val_dynamics_loss": 0.018971781712025404, "_wandb": {"runtime": 3676}}