{"train_loss_safe": 0.008995329961180687, "train_loss_unsafe": 0.2651645541191101, "train_loss_grad": 0.0, "train_loss_cql": 0.0, "train_dynamics_loss": 0.24184946715831757, "train_cbf_loss": 0.2741598840802908, "train_total_loss": 0.5160093512386084, "train_avg_safe_B": 0.07119721919298172, "train_avg_unsafe_B": 0.07097047567367554, "train_safe_acc": 1.0, "train_unsafe_acc": 0.0, "step": 1, "_timestamp": 1744471584.553728, "_runtime": 13.577614068984985, "_step": 1, "_wandb": {"runtime": 13}}