{"loss_lip": 0.020294345915317535, "_timestamp": 1740897179.1829681, "_runtime": 368.87033319473267, "_step": 2557, "train_loss_safe": 0.01615447923541069, "train_loss_unsafe": 0.048190731555223465, "train_loss_grad": 0.08237610012292862, "train_loss_cql": 0.833695113658905, "train_dynamics_loss": 0.011900706216692924, "train_cbf_loss": 0.14672131091356277, "train_total_loss": 0.1586220171302557, "train_avg_safe_B": 0.09934207051992416, "train_avg_unsafe_B": -0.194002166390419, "train_safe_acc": 0.9327731132507324, "train_unsafe_acc": 0.8888888955116272, "step": 1215, "val_loss_safe": 0.017012210423126818, "val_loss_unsafe": 0.08228651788085699, "val_loss_grad": 0.0730948131531477, "val_loss_cql": 0.8342209786176682, "val_cbf_loss": 1.0066145200747998, "val_avg_safe_B": 0.0998557273298502, "val_avg_unsafe_B": -0.12339710686355829, "val_safe_acc": 0.9450220704078675, "val_unsafe_acc": 0.8259815156459809, "val_total_loss": 1.0271450275089593, "val_dynamics_loss": 0.020530507434159517, "_wandb": {"runtime": 368}}