{"loss_lip": 0.09975232183933258, "_timestamp": 1741740929.051306, "_runtime": 8764.17464709282, "_step": 44295, "logsumexp_h": 1.9799678666251048, "train_loss_safe": 0.01410191971808672, "train_loss_unsafe": 0.07047198712825775, "train_loss_grad": 6.113407135009766, "train_loss_cql": 0.6612662076950073, "train_dynamics_loss": 0.1809919774532318, "train_cbf_loss": 6.859247249551117, "train_total_loss": 7.040239227004349, "train_avg_safe_B": 0.7199186086654663, "train_avg_unsafe_B": -0.744659960269928, "train_safe_acc": 0.9674418568611145, "train_unsafe_acc": 0.8780487775802612, "step": 13999, "val_loss_safe": 0.018821247527375816, "val_loss_unsafe": 0.10026307534426451, "val_loss_grad": 6.787897753715515, "val_loss_cql": 0.6744243174791336, "val_cbf_loss": 6.9069820765871555, "val_avg_safe_B": 0.7147047281265259, "val_avg_unsafe_B": -0.674248905479908, "val_safe_acc": 0.9578329980373382, "val_unsafe_acc": 0.8425080507993699, "val_total_loss": 7.117716641398147, "val_dynamics_loss": 0.2107345648109913, "_wandb": {"runtime": 8849}}