{"train_loss_safe": 0.1140851303935051, "train_loss_unsafe": 0.14890538156032562, "train_loss_grad": 0.06306885182857513, "train_avg_safe_B": 0.04176412150263786, "train_avg_unsafe_B": -0.04569774493575096, "train_total_loss": 0.32605936378240585, "train_safe_acc": 0.6306620240211487, "train_unsafe_acc": 0.7692307829856873, "step": 8416, "_timestamp": 1740351715.6917288, "_runtime": 2474.3925218582153, "_step": 8459, "val_loss_safe": 0.11620680205523967, "val_loss_unsafe": 0.10060441009700298, "val_loss_grad": 0.06831288952380418, "val_avg_safe_B": 0.040675561688840386, "val_avg_unsafe_B": -0.08318074606359005, "val_total_loss": 0.28512410167604685, "val_safe_acc": 0.6111459910869599, "val_unsafe_acc": 0.8218811810016632, "_wandb": {"runtime": 2478}}