{"train_loss_safe": 0.057143550366163254, "train_loss_unsafe": 0.20765680074691772, "train_loss_grad": 0.0003195806930307299, "train_loss_cql": 0.0, "train_dynamics_loss": 0.27169787883758545, "train_cbf_loss": 0.2651199318061117, "train_total_loss": 0.5368178106436972, "train_avg_safe_B": 0.022856445983052254, "train_avg_unsafe_B": 0.0230473093688488, "train_safe_acc": 1.0, "train_unsafe_acc": 0.0, "step": 53, "_timestamp": 1744481516.116334, "_runtime": 25.915361881256104, "_step": 53, "_wandb": {"runtime": 25}}