{"loss_lip": 0.018124688416719437, "_timestamp": 1740997638.718871, "_runtime": 3167.7664811611176, "_step": 44295, "logsumexp_h": 1.7636074338640486, "train_loss_safe": 0.014434064738452435, "train_loss_unsafe": 0.011403186246752739, "train_loss_grad": 0.04904080182313919, "train_loss_cql": 0.1127358078956604, "train_dynamics_loss": 0.006633870769292116, "train_cbf_loss": 0.18761386070400476, "train_total_loss": 0.19424773147329688, "train_avg_safe_B": 0.09503280371427536, "train_avg_unsafe_B": -0.21382147073745728, "train_safe_acc": 0.9411764740943909, "train_unsafe_acc": 1.0, "step": 13999, "val_loss_safe": 0.006745072640478611, "val_loss_unsafe": 0.03464882608823246, "val_loss_grad": 0.06376462280750275, "val_loss_cql": 0.11164556182920933, "val_cbf_loss": 0.10515852153621383, "val_avg_safe_B": 0.1094096276909113, "val_avg_unsafe_B": -0.18524050302803516, "val_safe_acc": 0.9692941546440125, "val_unsafe_acc": 0.9003890544176102, "val_total_loss": 0.11386245756730207, "val_dynamics_loss": 0.008703936031088233, "_wandb": {"runtime": 3247}}