{"loss_lip": 0.01877645216882229, "_timestamp": 1741001056.9793699, "_runtime": 3314.2221739292145, "_step": 44295, "logsumexp_h": 2.5518522943769186, "train_loss_safe": 0.014623061753809452, "train_loss_unsafe": 0.011676671914756298, "train_loss_grad": 0.052511777728796005, "train_loss_cql": 0.1676262766122818, "train_dynamics_loss": 0.006633870769292116, "train_cbf_loss": 0.24643778800964355, "train_total_loss": 0.25307165877893567, "train_avg_safe_B": 0.09539119899272919, "train_avg_unsafe_B": -0.21767176687717438, "train_safe_acc": 0.9411764740943909, "train_unsafe_acc": 1.0, "step": 13999, "val_loss_safe": 0.006896055093966425, "val_loss_unsafe": 0.0343605621925235, "val_loss_grad": 0.066146195307374, "val_loss_cql": 0.16669992730021477, "val_cbf_loss": 0.10740281259386393, "val_avg_safe_B": 0.11038544550538062, "val_avg_unsafe_B": -0.18922808356583118, "val_safe_acc": 0.9688843190670013, "val_unsafe_acc": 0.9003890544176102, "val_total_loss": 0.11610674862495217, "val_dynamics_loss": 0.008703936031088233, "_wandb": {"runtime": 3393}}