{"train_loss_safe": 0.11766603589057922, "train_loss_unsafe": 0.25469350814819336, "train_loss_grad": 0.04693521931767464, "train_avg_safe_B": 0.06363479048013687, "train_avg_unsafe_B": -0.024081910029053688, "train_total_loss": 0.4192947633564472, "train_safe_acc": 0.694915235042572, "train_unsafe_acc": 0.6000000238418579, "step": 5816, "_timestamp": 1740374141.861373, "_runtime": 1965.7951610088348, "_step": 5846, "val_loss_safe": 0.12004662193357944, "val_loss_unsafe": 0.19030003398511325, "val_loss_grad": 0.07858473546802998, "val_avg_safe_B": 0.06546317003667354, "val_avg_unsafe_B": -0.06685718512162567, "val_total_loss": 0.38893139138672267, "val_safe_acc": 0.6849244505167007, "val_unsafe_acc": 0.6773809544742108, "_wandb": {"runtime": 1970}}