{"loss_lip": 0.03881044313311577, "_timestamp": 1740891489.270737, "_runtime": 187.66643404960632, "_step": 1662, "train_loss_safe": 0.06566335260868073, "train_loss_unsafe": 0.1758822649717331, "train_loss_grad": 0.09548825025558472, "train_dynamics_loss": 0.8034321665763855, "train_cbf_loss": 0.33703386783599854, "train_total_loss": 1.140466034412384, "train_avg_safe_B": 0.0362921878695488, "train_avg_unsafe_B": -0.024705925956368446, "train_safe_acc": 0.6666666865348816, "train_unsafe_acc": 0.699999988079071, "step": 799, "val_loss_safe": 0.05773128215223551, "val_loss_unsafe": 0.17060091346502304, "val_loss_grad": 0.08138789888471365, "val_cbf_loss": 0.3097200945019722, "val_avg_safe_B": 0.04309359397739172, "val_avg_unsafe_B": -0.028768520476296543, "val_safe_acc": 0.7534107565879822, "val_unsafe_acc": 0.8098261624574661, "val_total_loss": 1.2987036570906638, "val_dynamics_loss": 0.9889835625886917, "_wandb": {"runtime": 194}}