{"loss_lip": 0.1475752890110016, "_timestamp": 1741769126.1234848, "_runtime": 3960.3798348903656, "_step": 44295, "logsumexp_h": 2.6953988075256348, "train_loss_safe": 0.018900854513049126, "train_loss_unsafe": 0.1212637722492218, "train_loss_grad": 0.4288801848888397, "train_loss_cql": 2.0250096321105957, "train_dynamics_loss": 0.007079379633069038, "train_cbf_loss": 2.5940544437617064, "train_total_loss": 2.6011338233947754, "train_avg_safe_B": 0.6953384876251221, "train_avg_unsafe_B": -0.5857952833175659, "train_safe_acc": 0.95652174949646, "train_unsafe_acc": 0.807692289352417, "step": 13999, "val_loss_safe": 0.021388205140829085, "val_loss_unsafe": 0.06379082379862666, "val_loss_grad": 0.47372818291187285, "val_loss_cql": 2.0310643196105955, "val_cbf_loss": 0.5589072118513286, "val_avg_safe_B": 0.6820543944835663, "val_avg_unsafe_B": -0.6758424252271652, "val_safe_acc": 0.9512371718883514, "val_unsafe_acc": 0.9212230265140533, "val_total_loss": 0.5638495600316674, "val_dynamics_loss": 0.0049423481803387405, "_wandb": {"runtime": 4039}}