{"train_loss_safe": 0.06122016906738281, "train_loss_unsafe": 0.2066003531217575, "train_loss_grad": 0.045290570706129074, "train_avg_safe_B": 0.04492371156811714, "train_avg_unsafe_B": 0.008923348039388657, "train_total_loss": 0.3131110928952694, "train_safe_acc": 0.7360000014305115, "train_unsafe_acc": 0.3333333432674408, "step": 3016, "_timestamp": 1740439291.554585, "_runtime": 940.5572929382324, "_step": 3032, "val_loss_safe": 0.06459585167467594, "val_loss_unsafe": 0.15396099537611008, "val_loss_grad": 0.055026049725711346, "val_avg_safe_B": 0.04352208264172077, "val_avg_unsafe_B": -0.03254516512388363, "val_total_loss": 0.2735828967764974, "val_safe_acc": 0.7126210421323776, "val_unsafe_acc": 0.6092857211828232, "_wandb": {"runtime": 941}}