{"train_loss_safe": 0.008991929702460766, "train_loss_unsafe": 0.26536160707473755, "train_loss_grad": 0.0, "train_loss_cql": 0.0, "train_dynamics_loss": 0.24184946715831757, "train_cbf_loss": 0.2743535367771983, "train_total_loss": 0.5162030039355159, "train_avg_safe_B": 0.07120054960250854, "train_avg_unsafe_B": 0.07113467156887054, "train_safe_acc": 1.0, "train_unsafe_acc": 0.0, "step": 1, "_timestamp": 1744416848.3684092, "_runtime": 12.837383270263672, "_step": 1, "_wandb": {"runtime": 12}}