{"loss_lip": 1.8184073269367218e-06, "_timestamp": 1741039611.639939, "_runtime": 3424.7740211486816, "_step": 44295, "logsumexp_h": 1.3978959321975708, "train_loss_safe": 1.0799990892410278, "train_loss_unsafe": 0.0, "train_loss_grad": 1.2000017166137695, "train_loss_cql": 23.97894859313965, "train_dynamics_loss": 0.006633870769292116, "train_cbf_loss": 26.258949398994446, "train_total_loss": 26.265583269763738, "train_avg_safe_B": -0.9999991655349731, "train_avg_unsafe_B": -1.0, "train_safe_acc": 0.0, "train_unsafe_acc": 1.0, "step": 13999, "val_loss_safe": 1.079998928308487, "val_loss_unsafe": 0.0, "val_loss_grad": 1.200004643201828, "val_loss_cql": 23.978948879241944, "val_cbf_loss": 2.2800035715103153, "val_avg_safe_B": -0.9999989092350006, "val_avg_unsafe_B": -0.9999999910593033, "val_safe_acc": 0.0, "val_unsafe_acc": 1.0, "val_total_loss": 2.2887075075414036, "val_dynamics_loss": 0.008703936031088233, "_wandb": {"runtime": 3503}}