{"loss/loss_vae": 0.07117161438614135, "loss/critic_loss": 0.0004645986648433279, "loss/cost_critic_loss": 0.4510888914687925, "loss/actor_loss": -0.05555021558552987, "loss/qc_penalty": -0.0003621068362187542, "loss/lagrangian": 4.1190840608919695e-05, "_timestamp": 1739240841.644518, "_runtime": 8810.713367938995, "_step": 99999, "eval/Cost": 29.7, "eval/Reward": 19.414523408993553, "eval/Length": 1000.0, "train/best_idx": 12499.0, "update/env_step": 99999.0, "_wandb": {"runtime": 8810}}