{"train_loss_safe": 0.004708459600806236, "train_loss_unsafe": 0.06593134999275208, "train_loss_grad": 0.05122243985533714, "train_dynamics_loss": 0.0045674266293644905, "train_cbf_loss": 0.12186224944889545, "train_total_loss": 0.12642967607825994, "train_avg_safe_B": 0.06441372632980347, "train_avg_unsafe_B": -0.05270519107580185, "train_safe_acc": 0.9646017551422119, "train_unsafe_acc": 0.800000011920929, "step": 9999, "_timestamp": 1740595881.927804, "_runtime": 2652.341878890991, "_step": 10049, "val_loss_safe": 0.003632092586485669, "val_loss_unsafe": 0.07925207260996103, "val_loss_grad": 0.03735126088758989, "val_cbf_loss": 0.12023542608403659, "val_avg_safe_B": 0.06660625077784062, "val_avg_unsafe_B": -0.04362690355628729, "val_safe_acc": 0.9814891517162323, "val_unsafe_acc": 0.6375283420085907, "val_total_loss": 0.1301555916204961, "val_dynamics_loss": 0.009920165536459535, "_wandb": {"runtime": 2731}}