{"loss_lip": 0.015930185094475746, "_timestamp": 1740975198.997361, "_runtime": 3429.300430059433, "_step": 44295, "logsumexp_h": 2.5388148852757046, "train_loss_safe": 0.015085721388459206, "train_loss_unsafe": 0.010780812241137028, "train_loss_grad": 0.0389455147087574, "train_loss_cql": 0.00016816490096971393, "train_dynamics_loss": 0.006633870769292116, "train_cbf_loss": 0.06498021323932335, "train_total_loss": 0.07161408400861546, "train_avg_safe_B": 0.08458425849676132, "train_avg_unsafe_B": -0.21738368272781372, "train_safe_acc": 0.9411764740943909, "train_unsafe_acc": 1.0, "step": 13999, "val_loss_safe": 0.007089121779426932, "val_loss_unsafe": 0.03455597254214808, "val_loss_grad": 0.05343460841104388, "val_loss_cql": 0.0001674124359851703, "val_cbf_loss": 0.09524711516860407, "val_avg_safe_B": 0.09673879481852055, "val_avg_unsafe_B": -0.18601489923894404, "val_safe_acc": 0.9671882778406143, "val_unsafe_acc": 0.9075319111347199, "val_total_loss": 0.10395105119969231, "val_dynamics_loss": 0.008703936031088233, "_wandb": {"runtime": 3508}}