{"train_loss_safe": 0.018589399755001068, "train_loss_unsafe": 0.253408282995224, "train_loss_grad": 0.0, "train_loss_cql": 0.0, "train_dynamics_loss": 0.0707978680729866, "train_cbf_loss": 0.27199768275022507, "train_total_loss": 0.34279555082321167, "train_avg_safe_B": 0.06147054210305214, "train_avg_unsafe_B": 0.06117354705929756, "train_safe_acc": 1.0, "train_unsafe_acc": 0.0, "step": 2, "_timestamp": 1744471551.94576, "_runtime": 16.670329093933105, "_step": 2, "_wandb": {"runtime": 17}}