{"train_loss_safe": 0.10481300204992294, "train_loss_unsafe": 0.09971406310796738, "train_loss_grad": 0.07391798496246338, "train_avg_safe_B": 0.00122919084969908, "train_avg_unsafe_B": -0.056782595813274384, "train_total_loss": 0.2784450501203537, "train_safe_acc": 0.4628099203109741, "train_unsafe_acc": 10.285714149475098, "step": 1416, "_timestamp": 1740341104.402634, "_runtime": 453.50726795196533, "_step": 1424, "val_loss_safe": 0.06073274813592434, "val_loss_unsafe": 0.13244508400559427, "val_loss_grad": 0.045568599104881286, "val_avg_safe_B": 0.05628758057951927, "val_avg_unsafe_B": -0.030688262302428482, "val_total_loss": 0.23874643124639988, "val_safe_acc": 0.029482072219252586, "val_unsafe_acc": 0.5679999923706055, "_wandb": {"runtime": 454}}