{"train_loss_safe": 0.014719380997121334, "train_loss_unsafe": 0.04644244164228439, "train_loss_grad": 0.20344854891300201, "train_loss_cql": 0.0, "train_dynamics_loss": 0.00022352034284267575, "train_cbf_loss": 0.26461037155240774, "train_total_loss": 0.2648338918952504, "train_avg_safe_B": 0.23068150877952576, "train_avg_unsafe_B": -0.30588534474372864, "train_safe_acc": 0.9291338324546814, "train_unsafe_acc": 0.8928571343421936, "step": 14999, "_timestamp": 1744427580.948159, "_runtime": 3395.07346200943, "_step": 15049, "val_loss_safe": 0.010687417373992503, "val_loss_unsafe": 0.04440190978348255, "val_loss_grad": 0.18162416927516462, "val_loss_cql": 0.0, "val_cbf_loss": 0.23671349643263967, "val_avg_safe_B": 0.23534200116991996, "val_avg_unsafe_B": -0.30685125291347504, "val_safe_acc": 0.9462599784135819, "val_unsafe_acc": 0.8939386367797851, "val_total_loss": 0.23708941069198775, "val_dynamics_loss": 0.00037591425934806465, "_wandb": {"runtime": 3474}}