{"loss_lip": 0.08268992602825165, "_timestamp": 1743902320.510516, "_runtime": 3396.125165939331, "_step": 47049, "logsumexp_h": 2.2117395401000977, "train_loss_safe": 0.06105584651231766, "train_loss_unsafe": 0.03894998878240585, "train_loss_grad": 0.3642067015171051, "train_loss_cql": 2.093574285507202, "train_dynamics_loss": 0.0015535115962848067, "train_cbf_loss": 2.5577868223190308, "train_total_loss": 2.5593403339153156, "train_avg_safe_B": 0.08538433909416199, "train_avg_unsafe_B": -0.4050019383430481, "train_safe_acc": 0.8270041942596436, "train_unsafe_acc": 0.9473684430122375, "step": 14999, "val_loss_safe": 0.06910132244229317, "val_loss_unsafe": 0.014796325345378137, "val_loss_grad": 0.47559564709663393, "val_loss_cql": 2.122702586650848, "val_cbf_loss": 0.5594932948843052, "val_avg_safe_B": 0.0739457655698061, "val_avg_unsafe_B": -0.5750177532434464, "val_safe_acc": 0.7888684809207916, "val_unsafe_acc": 0.9662984937429429, "val_total_loss": 0.564483357269637, "val_dynamics_loss": 0.004990062385331839, "_wandb": {"runtime": 3475}}