{"train_loss_safe": 0.08454862982034683, "train_loss_unsafe": 0.2911432683467865, "train_loss_grad": 1.98056960105896, "train_dynamics_loss": 0.5989173054695129, "train_cbf_loss": 2.3562614992260933, "train_total_loss": 2.9551788046956062, "train_avg_safe_B": 0.39341479539871216, "train_avg_unsafe_B": 0.07395637035369873, "train_safe_acc": 0.6290322542190552, "train_unsafe_acc": 0.5, "step": 9999, "_timestamp": 1740454194.535011, "_runtime": 2989.3538031578064, "_step": 10049, "val_loss_safe": 0.0803564814850688, "val_loss_unsafe": 0.2186249855789356, "val_loss_grad": 1.808257269859314, "val_cbf_loss": 2.1072387369233185, "val_avg_safe_B": 0.40251648128032685, "val_avg_unsafe_B": 0.01800205186009407, "val_safe_acc": 0.6478216350078583, "val_unsafe_acc": 0.7634523831307888, "val_total_loss": 2.636682406242471, "val_dynamics_loss": 0.5294436693191529, "_wandb": {"runtime": 3028}}