{"loss_lip": 0.014335986226797104, "_timestamp": 1744662174.672204, "_runtime": 5690.036448955536, "_step": 69579, "logsumexp_h": 2.4562908921922957, "train_loss_safe": 0.017013859003782272, "train_loss_unsafe": 0.01643424853682518, "train_loss_grad": 0.037688277661800385, "train_loss_cql": 0.8279450535774231, "train_dynamics_loss": 0.012159663252532482, "train_cbf_loss": 0.8990814387798309, "train_total_loss": 0.9112411020323634, "train_avg_safe_B": 0.06406330317258835, "train_avg_unsafe_B": -0.43902868032455444, "train_safe_acc": 0.921658992767334, "train_unsafe_acc": 0.9743589758872986, "step": 22194, "val_loss_safe": 0.01793820718303323, "val_loss_unsafe": 0.01502504306845367, "val_loss_grad": 0.0401264226064086, "val_loss_cql": 0.8273356795310974, "val_cbf_loss": 0.0730896728578955, "val_avg_safe_B": 0.06283330805599689, "val_avg_unsafe_B": -0.48222242295742035, "val_safe_acc": 0.9199421644210816, "val_unsafe_acc": 0.9696726649999619, "val_total_loss": 0.08803291800431907, "val_dynamics_loss": 0.014943245146423579, "_wandb": {"runtime": 5691}}