{"loss_lip": 0.09530173242092133, "_timestamp": 1741744948.100596, "_runtime": 3850.4497640132904, "_step": 44295, "logsumexp_h": 2.0722947120666504, "train_loss_safe": 0.014644664712250233, "train_loss_unsafe": 0.05963928997516632, "train_loss_grad": 6.122420787811279, "train_loss_cql": 0.3551996052265167, "train_dynamics_loss": 0.1809919774532318, "train_cbf_loss": 6.551904347725213, "train_total_loss": 6.732896325178444, "train_avg_safe_B": 0.6645861864089966, "train_avg_unsafe_B": -0.7387557029724121, "train_safe_acc": 0.9627906680107117, "train_unsafe_acc": 0.8780487775802612, "step": 13999, "val_loss_safe": 0.0180125773884356, "val_loss_unsafe": 0.08818248249590396, "val_loss_grad": 6.8347090721130375, "val_loss_cql": 0.36304203420877457, "val_cbf_loss": 6.940904131997377, "val_avg_safe_B": 0.6605040699243545, "val_avg_unsafe_B": -0.6693351075053215, "val_safe_acc": 0.9563826382160187, "val_unsafe_acc": 0.8476314663887023, "val_total_loss": 7.1516386968083685, "val_dynamics_loss": 0.2107345648109913, "_wandb": {"runtime": 3930}}