{"train_loss_safe": 0.00011956357775488868, "train_loss_unsafe": 0.04193709418177605, "train_loss_grad": 0.31955039501190186, "train_dynamics_loss": 0.011538677848875523, "train_cbf_loss": 0.3616070527714328, "train_total_loss": 0.3731457306203083, "train_avg_safe_B": 0.7928284406661987, "train_avg_unsafe_B": -0.6271692514419556, "train_safe_acc": 1.0, "train_unsafe_acc": 0.9230769276618958, "step": 6804, "_timestamp": 1740538572.210036, "_runtime": 1830.7769429683685, "_step": 6838}