{"train_loss_safe": 0.04460356384515762, "train_loss_unsafe": 0.25844788551330566, "train_loss_grad": 0.0016796524869278073, "train_avg_safe_B": 0.0553964339196682, "train_avg_unsafe_B": 0.04880606383085251, "train_total_loss": 0.3047311018453911, "train_safe_acc": 1.0, "train_unsafe_acc": 0.0, "step": 616, "_timestamp": 1740441074.900328, "_runtime": 212.3504319190979, "_step": 620, "val_loss_safe": 0.044769315794110295, "val_loss_unsafe": 0.2634674921631813, "val_loss_grad": 0.001959962147520855, "val_avg_safe_B": 0.055230685509741306, "val_avg_unsafe_B": 0.05266730152070522, "val_total_loss": 0.3101967701048125, "val_safe_acc": 1.0, "val_unsafe_acc": 0.0, "_wandb": {"runtime": 216}}