{"train_loss_safe": 0.19270074367523193, "train_loss_unsafe": 0.053653351962566376, "train_loss_grad": 0.2058238834142685, "train_avg_safe_B": -0.15342842042446136, "train_avg_unsafe_B": -0.17587287724018097, "train_total_loss": 0.4521779790520668, "step": 200, "_timestamp": 1740280209.159672, "_runtime": 132.982262134552, "_step": 202, "val_loss_safe": 0.18132810920476913, "val_loss_unsafe": 0.021924645733088256, "val_loss_grad": 0.187609451264143, "val_avg_safe_B": -0.13341289520263672, "val_avg_unsafe_B": -0.15125062420964241, "val_total_loss": 0.3908622062020004, "_wandb": {"runtime": 140}}