{"loss_lip": 0.006181113887578249, "_timestamp": 1740910429.0143979, "_runtime": 126.57635474205017, "_step": 1312, "logsumexp_h": {"_type": "histogram", "values": [1, 2, 0, 0, 0, 0, 1, 3, 1, 3, 0, 3, 2, 1, 5, 4, 1, 3, 2, 4, 4, 7, 7, 9, 9, 21, 14, 2, 2, 1, 0, 2], "bins": [2.3072612285614014, 2.317190408706665, 2.3271195888519287, 2.3370490074157715, 2.346978187561035, 2.356907367706299, 2.3668365478515625, 2.3767659664154053, 2.386695146560669, 2.3966243267059326, 2.4065535068511963, 2.41648268699646, 2.4264121055603027, 2.4363412857055664, 2.44627046585083, 2.4561996459960938, 2.4661288261413574, 2.4760582447052, 2.485987424850464, 2.4959166049957275, 2.505845785140991, 2.515775203704834, 2.5257043838500977, 2.5356335639953613, 2.545562744140625, 2.5554919242858887, 2.5654213428497314, 2.575350522994995, 2.585279703140259, 2.5952088832855225, 2.6051383018493652, 2.615067481994629, 2.6249966621398926]}, "train_loss_safe": 0.030936313793063164, "train_loss_unsafe": 0.08512066304683685, "train_loss_grad": 0.044564757496118546, "train_loss_cql": 0.00016860794858075678, "train_dynamics_loss": 0.04970647767186165, "train_cbf_loss": 0.16079034228459932, "train_total_loss": 0.21049681995646097, "train_avg_safe_B": 0.075063556432724, "train_avg_unsafe_B": -0.09388598054647446, "train_safe_acc": 0.8859649300575256, "train_unsafe_acc": 0.7857142686843872, "step": 409, "val_loss_safe": 0.03151362128555775, "val_loss_unsafe": 0.06333869434893132, "val_loss_grad": 0.036599685065448286, "val_loss_cql": 0.00016856208094395697, "val_cbf_loss": 0.1316205627808813, "val_avg_safe_B": 0.07315620630979539, "val_avg_unsafe_B": -0.11570555102080107, "val_safe_acc": 0.8803911805152893, "val_unsafe_acc": 0.8708437383174896, "val_total_loss": 0.1656936682353262, "val_dynamics_loss": 0.034073105454444884, "_wandb": {"runtime": 126}}