{"train_loss_safe": 0.13782276213169098, "train_loss_unsafe": 0.10626596957445145, "train_loss_grad": 0.01164773665368557, "train_dynamics_loss": 0.8744839429855347, "train_cbf_loss": 0.255736468359828, "train_total_loss": 1.1302204113453627, "train_avg_safe_B": -0.03782276064157486, "train_avg_unsafe_B": -0.0682569369673729, "train_safe_acc": 0.27272728085517883, "train_unsafe_acc": 1.0, "step": 199, "_timestamp": 1740449526.5059369, "_runtime": 19.864518880844116, "_step": 199, "_wandb": {"runtime": 35}}