{"loss_lip": 0.021174509078264236, "_timestamp": 1741787402.263822, "_runtime": 3517.581715106964, "_step": 44295, "logsumexp_h": 2.6292803287506104, "train_loss_safe": 0.007026756182312965, "train_loss_unsafe": 0.04798104241490364, "train_loss_grad": 0.07431524991989136, "train_loss_cql": 0.11862994730472565, "train_dynamics_loss": 0.007079379633069038, "train_cbf_loss": 0.2479529958218336, "train_total_loss": 0.25503237545490265, "train_avg_safe_B": 0.1333976835012436, "train_avg_unsafe_B": -0.1579921394586563, "train_safe_acc": 0.95652174949646, "train_unsafe_acc": 0.8846153616905212, "step": 13999, "val_loss_safe": 0.007390688615851104, "val_loss_unsafe": 0.03285013986751437, "val_loss_grad": 0.06514737782999873, "val_loss_cql": 0.11853541284799576, "val_cbf_loss": 0.10538820631336421, "val_avg_safe_B": 0.1312957987189293, "val_avg_unsafe_B": -0.17649228721857071, "val_safe_acc": 0.964212891459465, "val_unsafe_acc": 0.8961093246936798, "val_total_loss": 0.11033055449370295, "val_dynamics_loss": 0.0049423481803387405, "_wandb": {"runtime": 3597}}