{"loss_lip": 0.027988571673631668, "_timestamp": 1741765191.250591, "_runtime": 4029.740370988846, "_step": 44295, "logsumexp_h": 2.4155654907226562, "train_loss_safe": 0.04080452769994736, "train_loss_unsafe": 0.01966462843120098, "train_loss_grad": 0.13997894525527954, "train_loss_cql": 1.1611846685409546, "train_dynamics_loss": 0.010267269797623158, "train_cbf_loss": 1.3616327699273825, "train_total_loss": 1.3719000397250056, "train_avg_safe_B": 0.04129880294203758, "train_avg_unsafe_B": -0.6130534410476685, "train_safe_acc": 0.8325581550598145, "train_unsafe_acc": 0.9512194991111755, "step": 13999, "val_loss_safe": 0.0368606555275619, "val_loss_unsafe": 0.014762487285770476, "val_loss_grad": 0.11455374211072922, "val_loss_cql": 1.1622733116149901, "val_cbf_loss": 0.1661768849240616, "val_avg_safe_B": 0.04478947184979916, "val_avg_unsafe_B": -0.5791675448417664, "val_safe_acc": 0.8486411839723587, "val_unsafe_acc": 0.974420565366745, "val_total_loss": 0.185148666636087, "val_dynamics_loss": 0.018971781712025404, "_wandb": {"runtime": 4109}}