{"loss_lip": 0.02132270112633705, "_timestamp": 1741806008.771413, "_runtime": 3643.7916910648346, "_step": 44295, "logsumexp_h": 2.4885036945343018, "train_loss_safe": 0.009208678267896175, "train_loss_unsafe": 0.030959025025367737, "train_loss_grad": 0.11029462516307831, "train_loss_cql": 0.23865047097206116, "train_dynamics_loss": 0.010267269797623158, "train_cbf_loss": 0.3891127994284034, "train_total_loss": 0.39938006922602654, "train_avg_safe_B": 0.09800411760807037, "train_avg_unsafe_B": -0.5851148962974548, "train_safe_acc": 0.9627906680107117, "train_unsafe_acc": 0.9268292784690857, "step": 13999, "val_loss_safe": 0.0067740977508947255, "val_loss_unsafe": 0.030496668862178923, "val_loss_grad": 0.06377179529517889, "val_loss_cql": 0.23880889415740966, "val_cbf_loss": 0.10104256190825253, "val_avg_safe_B": 0.1021193202584982, "val_avg_unsafe_B": -0.5388893574476242, "val_safe_acc": 0.97526236474514, "val_unsafe_acc": 0.9168589740991593, "val_total_loss": 0.12001434362027794, "val_dynamics_loss": 0.018971781712025404, "_wandb": {"runtime": 3723}}