{"train_loss_safe": 0.02469482272863388, "train_loss_unsafe": 0.1325707733631134, "train_loss_grad": 0.03720160946249962, "train_loss_cql": 0.0, "train_dynamics_loss": 0.0013715001987293363, "train_cbf_loss": 0.1944672055542469, "train_total_loss": 0.19583870575297624, "train_avg_safe_B": 0.056685201823711395, "train_avg_unsafe_B": -0.08345276117324829, "train_safe_acc": 0.8984375, "train_unsafe_acc": 0.5720411539077759, "step": 1799, "_timestamp": 1744415911.182355, "_runtime": 384.82920503616333, "_step": 1805, "val_loss_safe": 0.01919725565239787, "val_loss_unsafe": 0.1351498119533062, "val_loss_grad": 0.03080164548009634, "val_loss_cql": 0.0, "val_cbf_loss": 0.18514871308580041, "val_avg_safe_B": 0.062432558834552766, "val_avg_unsafe_B": -0.08043432720005513, "val_safe_acc": 0.9275635689496994, "val_unsafe_acc": 0.5581419229507446, "val_total_loss": 0.18657928440952673, "val_dynamics_loss": 0.0014305713237263262, "_wandb": {"runtime": 424}}