{"loss_lip": 0.022435951977968216, "_timestamp": 1744662177.557924, "_runtime": 5633.311681985855, "_step": 54662, "train_loss_safe": 0.009642377495765686, "train_loss_unsafe": 0.0336221382021904, "train_loss_grad": 0.05688568949699402, "train_loss_cql": 0.0, "train_dynamics_loss": 0.010658408515155315, "train_cbf_loss": 0.1001502051949501, "train_total_loss": 0.11080861371010542, "train_avg_safe_B": 0.2558213472366333, "train_avg_unsafe_B": -0.4119987487792969, "train_safe_acc": 0.939393937587738, "train_unsafe_acc": 0.931034505367279, "step": 26406, "val_loss_safe": 0.007086634961888194, "val_loss_unsafe": 0.022108959639444946, "val_loss_grad": 0.06340010110288859, "val_loss_cql": 0.0, "val_cbf_loss": 0.09259569570422173, "val_avg_safe_B": 0.2686058297753334, "val_avg_unsafe_B": -0.4514694422483444, "val_safe_acc": 0.9668334811925888, "val_unsafe_acc": 0.9553789019584655, "val_total_loss": 0.10528675089590252, "val_dynamics_loss": 0.012691055191680789, "_wandb": {"runtime": 5633}}