{"train_loss_safe": 0.04007680341601372, "train_loss_unsafe": 0.2638814449310303, "train_loss_grad": 0.002637454541400075, "train_avg_safe_B": 0.0599231980741024, "train_avg_unsafe_B": 0.05298571288585663, "train_total_loss": 0.30659570288844407, "train_safe_acc": 1.0, "train_unsafe_acc": 0.0, "step": 800, "_timestamp": 1740441365.559597, "_runtime": 244.37055110931396, "_step": 804, "val_loss_safe": 0.044769315794110295, "val_loss_unsafe": 0.2634674921631813, "val_loss_grad": 0.001959962147520855, "val_avg_safe_B": 0.055230685509741306, "val_avg_unsafe_B": 0.05266730152070522, "val_total_loss": 0.3101967701048125, "val_safe_acc": 1.0, "val_unsafe_acc": 0.0, "_wandb": {"runtime": 255}}