{"train_loss_safe": 0.006425451021641493, "train_loss_unsafe": 0.12563538551330566, "train_loss_grad": 0.1883487105369568, "train_dynamics_loss": 0.004319737199693918, "train_cbf_loss": 0.32040954707190394, "train_total_loss": 0.32472928427159786, "train_avg_safe_B": 0.3681447505950928, "train_avg_unsafe_B": -0.23128166794776917, "train_safe_acc": 0.9572649598121643, "train_unsafe_acc": 0.8181818127632141, "step": 5815, "_timestamp": 1740609890.453546, "_runtime": 1572.8055951595306, "_step": 5844, "val_loss_safe": 0.004736090224469081, "val_loss_unsafe": 0.04665859281085431, "val_loss_grad": 0.23147003650665282, "val_cbf_loss": 0.28286471954197623, "val_avg_safe_B": 0.3696975395083427, "val_avg_unsafe_B": -0.35729260593652723, "val_safe_acc": 0.9743543118238449, "val_unsafe_acc": 0.8950333029031754, "val_total_loss": 0.2902749634522479, "val_dynamics_loss": 0.007410243910271674, "_wandb": {"runtime": 1572}}