{"train_loss_safe": 0.07144294679164886, "train_loss_unsafe": 0.44922468066215515, "train_loss_grad": 0.1440410315990448, "train_avg_safe_B": -0.026013357564806938, "train_avg_unsafe_B": -0.02031012624502182, "train_total_loss": 0.6647086590528488, "step": 0, "_timestamp": 1740280250.974684, "_runtime": 15.935611963272095, "_step": 0, "_wandb": {"runtime": 21}}