{"loss_lip": 0.018192388117313385, "_timestamp": 1740971264.8389142, "_runtime": 2642.012370109558, "_step": 21049, "train_loss_safe": 0.0026848474517464638, "train_loss_unsafe": 0.06427179276943207, "train_loss_grad": 0.01504011731594801, "train_loss_cql": 0.0, "train_dynamics_loss": 0.03082204796373844, "train_cbf_loss": 0.08199675753712654, "train_total_loss": 0.11281880550086498, "train_avg_safe_B": 0.09723518788814545, "train_avg_unsafe_B": -0.16270509362220764, "train_safe_acc": 0.982300877571106, "train_unsafe_acc": 0.8666666746139526, "step": 9999, "val_loss_safe": 0.00838547726161778, "val_loss_unsafe": 0.04321618048415985, "val_loss_grad": 0.04527666876092553, "val_loss_cql": 0.0, "val_cbf_loss": 0.09687832650670317, "val_avg_safe_B": 0.09024756029248238, "val_avg_unsafe_B": -0.17870238721370696, "val_safe_acc": 0.9636589258909225, "val_unsafe_acc": 0.8902561366558075, "val_total_loss": 0.10637887777120342, "val_dynamics_loss": 0.009500551264500246, "_wandb": {"runtime": 2721}}