{"train_loss_safe": 0.015936335548758507, "train_loss_unsafe": 0.16928847134113312, "train_loss_grad": 0.011116031557321548, "train_dynamics_loss": 1.0389115810394287, "train_cbf_loss": 0.19634083844721317, "train_total_loss": 1.2352524194866419, "train_avg_safe_B": 0.046781327575445175, "train_avg_unsafe_B": 0.04928846284747124, "train_safe_acc": 1.0, "train_unsafe_acc": 0.0, "step": 199, "_timestamp": 1740457081.4163342, "_runtime": 36.10617017745972, "_step": 200, "val_loss_safe": 0.013982593407854437, "val_loss_unsafe": 0.16799710988998412, "val_loss_grad": 0.010957758245058357, "val_cbf_loss": 0.1929374615428969, "val_avg_safe_B": 0.048371806554496286, "val_avg_unsafe_B": 0.04799711741507053, "val_safe_acc": 1.0, "val_unsafe_acc": 0.0, "val_total_loss": 1.1202537367818877, "val_dynamics_loss": 0.9273162752389907, "_wandb": {"runtime": 75}}