{"loss_lip": 0.015983687713742256, "_timestamp": 1743883847.417504, "_runtime": 330.37516617774963, "_step": 4752, "logsumexp_h": 2.416609764099121, "train_loss_safe": 0.049803491681814194, "train_loss_unsafe": 0.061476513743400574, "train_loss_grad": 0.06098717451095581, "train_loss_cql": 2.386258125305176, "train_dynamics_loss": 0.018183017149567604, "train_cbf_loss": 2.5585253052413464, "train_total_loss": 2.576708322390914, "train_avg_safe_B": 0.03035174310207367, "train_avg_unsafe_B": -0.1433151811361313, "train_safe_acc": 0.850220263004303, "train_unsafe_acc": 0.7586206793785095, "step": 1515, "val_loss_safe": 0.056232120282948016, "val_loss_unsafe": 0.04925306160002947, "val_loss_grad": 0.08244565445929766, "val_loss_cql": 2.3873889803886414, "val_cbf_loss": 0.18793083634227514, "val_avg_safe_B": 0.023958966601639986, "val_avg_unsafe_B": -0.15709988586604595, "val_safe_acc": 0.8220102608203887, "val_unsafe_acc": 0.8980810195207596, "val_total_loss": 0.20362959769554437, "val_dynamics_loss": 0.015698761353269218, "_wandb": {"runtime": 334}}