{"loss_lip": 0.013300545513629913, "_timestamp": 1745789894.837456, "_runtime": 501.4241180419922, "_step": 6634, "logsumexp_h": 2.504258155822754, "train_loss_safe": 0.006243697367608547, "train_loss_unsafe": 0.0667029395699501, "train_loss_grad": 0.042680464684963226, "train_loss_cql": 0.2397274523973465, "train_dynamics_loss": 0.05378945544362068, "train_cbf_loss": 0.3553545540198684, "train_total_loss": 0.40914400946348906, "train_avg_safe_B": 0.10698357224464417, "train_avg_unsafe_B": -0.26397520303726196, "train_safe_acc": 0.9900000095367432, "train_unsafe_acc": 0.7857142686843872, "step": 2115, "val_loss_safe": 0.011379782157018781, "val_loss_unsafe": 0.07314849849790335, "val_loss_grad": 0.034420518949627874, "val_loss_cql": 0.23982173800468445, "val_cbf_loss": 0.11894879960455, "val_avg_safe_B": 0.09829880930483341, "val_avg_unsafe_B": -0.2350694417953491, "val_safe_acc": 0.965616250038147, "val_unsafe_acc": 0.7913305908441544, "val_total_loss": 0.15649405685253442, "val_dynamics_loss": 0.03754525724798441, "_wandb": {"runtime": 506}}