{"train_loss_safe": 0.005812396761029959, "train_loss_unsafe": 0.07256816327571869, "train_loss_grad": 0.6482946276664734, "train_dynamics_loss": 0.004094775766134262, "train_cbf_loss": 0.726675187703222, "train_total_loss": 0.7307699634693563, "train_avg_safe_B": 0.8525895476341248, "train_avg_unsafe_B": -0.4185259938240051, "train_safe_acc": 0.9829059839248657, "train_unsafe_acc": 0.8181818127632141, "step": 9415, "_timestamp": 1740585988.383924, "_runtime": 33368.61427998543, "_step": 9462, "val_loss_safe": 0.0057298424653708935, "val_loss_unsafe": 0.06537680712062865, "val_loss_grad": 0.858552648127079, "val_cbf_loss": 0.9296592977130785, "val_avg_safe_B": 0.8375236958265304, "val_avg_unsafe_B": -0.5886836618185043, "val_safe_acc": 0.9747174501419067, "val_unsafe_acc": 0.897456818819046, "val_total_loss": 0.9424382517347112, "val_dynamics_loss": 0.012778954021632672, "_wandb": {"runtime": 33373}}