{"loss_lip": 0.015465551987290382, "_timestamp": 1741031920.553671, "_runtime": 3733.1858599185944, "_step": 44295, "logsumexp_h": 1.7279086794172016, "train_loss_safe": 0.016176126897335052, "train_loss_unsafe": 0.013511160388588905, "train_loss_grad": 0.04619592800736427, "train_loss_cql": 0.112481489777565, "train_dynamics_loss": 0.006633870769292116, "train_cbf_loss": 0.18836470507085323, "train_total_loss": 0.19499857584014535, "train_avg_safe_B": 0.0759294405579567, "train_avg_unsafe_B": -0.20689605176448822, "train_safe_acc": 0.9327731132507324, "train_unsafe_acc": 1.0, "step": 13999, "val_loss_safe": 0.008015417773276568, "val_loss_unsafe": 0.03276419613248436, "val_loss_grad": 0.057777637615799904, "val_loss_cql": 0.11180647648870945, "val_cbf_loss": 0.09855725152156083, "val_avg_safe_B": 0.08656017147004605, "val_avg_unsafe_B": -0.18329340778291225, "val_safe_acc": 0.9650535434484482, "val_unsafe_acc": 0.9075319111347199, "val_total_loss": 0.10726118755264907, "val_dynamics_loss": 0.008703936031088233, "_wandb": {"runtime": 3808}}