{"train_loss_safe": 0.04718070104718208, "train_loss_unsafe": 0.16638459265232086, "train_loss_grad": 0.0, "train_dynamics_loss": 0.02555963583290577, "train_cbf_loss": 0.21356529369950294, "train_total_loss": 0.23912492953240871, "train_avg_safe_B": 0.052819300442934036, "train_avg_unsafe_B": 0.03865380957722664, "train_safe_acc": 1.0, "train_unsafe_acc": 0.0, "train_loss_lip": 1.6301445384669933e-06, "step": 599, "_timestamp": 1740597952.406424, "_runtime": 135.1887800693512, "_step": 602, "val_loss_safe": 0.047159322537481785, "val_loss_unsafe": 0.16496105939149858, "val_loss_grad": 0.0, "val_cbf_loss": 0.21212215234402834, "val_avg_safe_B": 0.052840678580105306, "val_avg_unsafe_B": 0.037467542383819816, "val_safe_acc": 1.0, "val_unsafe_acc": 0.0, "val_total_loss": 0.24107759303290663, "val_loss_lip": 1.770415047985807e-06, "val_dynamics_loss": 0.028955440688878297, "_wandb": {"runtime": 169}}