{"train_loss_safe": 0.0964725986123085, "train_loss_unsafe": 0.058332908898591995, "train_loss_grad": 0.06968105584383011, "train_avg_safe_B": 0.012422108091413975, "train_avg_unsafe_B": -0.07336954772472382, "train_total_loss": 0.2244865633547306, "step": 3116, "_timestamp": 1740340185.754454, "_runtime": 1767.6579489707947, "_step": 3148, "val_loss_safe": 0.053123696520924565, "val_loss_unsafe": 0.14694356150925159, "val_loss_grad": 0.03754149675369263, "val_avg_safe_B": 0.07847432382404804, "val_avg_unsafe_B": -0.02898076517507434, "val_total_loss": 0.23760875478386878, "_wandb": {"runtime": 1772}}