{"loss_lip": 0.08989380300045013, "_timestamp": 1740942172.3757749, "_runtime": 4311.443503856659, "_step": 48074, "logsumexp_h": {"_type": "histogram", "values": [1, 0, 0, 0, 0, 0, 0, 0, 0, 0, 2, 1, 0, 1, 1, 1, 1, 0, 2, 4, 6, 12, 8, 7, 2, 1, 6, 13, 23, 14, 3, 6], "bins": [2.175424575805664, 2.1887428760528564, 2.202061176300049, 2.215379476547241, 2.2286977767944336, 2.242015838623047, 2.2553341388702393, 2.2686524391174316, 2.281970739364624, 2.2952890396118164, 2.308607339859009, 2.321925640106201, 2.3352437019348145, 2.348562002182007, 2.361880302429199, 2.3751986026763916, 2.388516902923584, 2.4018352031707764, 2.4151535034179688, 2.428471803665161, 2.4417901039123535, 2.455108165740967, 2.468426465988159, 2.4817447662353516, 2.495063066482544, 2.5083813667297363, 2.5216996669769287, 2.535017967224121, 2.5483360290527344, 2.5616543292999268, 2.574972629547119, 2.5882909297943115, 2.601609230041504]}, "train_loss_safe": 0.028611700981855392, "train_loss_unsafe": 0.10545656830072403, "train_loss_grad": 0.0199641901999712, "train_loss_cql": 0.14382648468017578, "train_dynamics_loss": 0.025683633983135223, "train_cbf_loss": 0.2978589441627264, "train_total_loss": 0.3235425781458616, "train_avg_safe_B": 0.07231741398572922, "train_avg_unsafe_B": -0.07200011610984802, "train_safe_acc": 0.9829059839248657, "train_unsafe_acc": 0.6363636255264282, "step": 14999, "val_loss_safe": 0.030698556173592805, "val_loss_unsafe": 0.09824283942580223, "val_loss_grad": 0.01689934308233205, "val_loss_cql": 0.14376063421368598, "val_cbf_loss": 0.28960137289541305, "val_avg_safe_B": 0.07066713571548462, "val_avg_unsafe_B": -0.07812861371785403, "val_safe_acc": 0.9607345700263977, "val_unsafe_acc": 0.7834157347679138, "val_total_loss": 0.2945986372098559, "val_dynamics_loss": 0.004997264314442873, "_wandb": {"runtime": 4391}}