{"loss_lip": 0.09310721606016159, "_timestamp": 1740933236.963259, "_runtime": 4320.306174039841, "_step": 48074, "logsumexp_h": {"_type": "histogram", "values": [1, 0, 0, 0, 0, 0, 0, 0, 0, 0, 2, 1, 0, 1, 2, 1, 1, 0, 2, 5, 2, 7, 7, 8, 7, 3, 3, 11, 23, 18, 4, 6], "bins": [2.208195924758911, 2.2194509506225586, 2.230705976486206, 2.2419610023498535, 2.253216028213501, 2.2644710540771484, 2.275726079940796, 2.2869811058044434, 2.298236131668091, 2.3094911575317383, 2.3207461833953857, 2.332001209259033, 2.3432562351226807, 2.354511260986328, 2.3657662868499756, 2.377021312713623, 2.3882765769958496, 2.399531602859497, 2.4107866287231445, 2.422041654586792, 2.4332966804504395, 2.444551706314087, 2.4558067321777344, 2.467061758041382, 2.4783167839050293, 2.4895718097686768, 2.500826835632324, 2.5120818614959717, 2.523336887359619, 2.5345919132232666, 2.545846939086914, 2.5571019649505615, 2.568356990814209]}, "train_loss_safe": 0.023325307294726372, "train_loss_unsafe": 0.11046537756919861, "train_loss_grad": 0.023243766278028488, "train_loss_cql": 1.6728849411010742, "train_dynamics_loss": 0.025683633983135223, "train_cbf_loss": 1.8299193922430277, "train_total_loss": 1.855603026226163, "train_avg_safe_B": 0.07771523296833038, "train_avg_unsafe_B": -0.06835375726222992, "train_safe_acc": 0.9829059839248657, "train_unsafe_acc": 0.6363636255264282, "step": 14999, "val_loss_safe": 0.025430686306208372, "val_loss_unsafe": 0.10138842854648829, "val_loss_grad": 0.01919229709310457, "val_loss_cql": 1.6720626533031464, "val_cbf_loss": 1.8180740652489475, "val_avg_safe_B": 0.0760610681027174, "val_avg_unsafe_B": -0.07634133584797383, "val_safe_acc": 0.9667457342147827, "val_unsafe_acc": 0.7787362456321716, "val_total_loss": 1.8230713295633905, "val_dynamics_loss": 0.004997264314442873, "_wandb": {"runtime": 4400}}