{"loss_lip": 0.02154800482094288, "_timestamp": 1741780091.773865, "_runtime": 3529.3760149478912, "_step": 44295, "logsumexp_h": 2.5139944553375244, "train_loss_safe": 0.006810109131038189, "train_loss_unsafe": 0.04865708574652672, "train_loss_grad": 0.07475335150957108, "train_loss_cql": 0.2380494624376297, "train_dynamics_loss": 0.007079379633069038, "train_cbf_loss": 0.3682700088247657, "train_total_loss": 0.3753493884578347, "train_avg_safe_B": 0.13792164623737335, "train_avg_unsafe_B": -0.15760110318660736, "train_safe_acc": 0.960869550704956, "train_unsafe_acc": 0.8846153616905212, "step": 13999, "val_loss_safe": 0.007179931993596256, "val_loss_unsafe": 0.03324803588911891, "val_loss_grad": 0.06512812031432987, "val_loss_cql": 0.23817835599184037, "val_cbf_loss": 0.10555608819704504, "val_avg_safe_B": 0.13584442883729936, "val_avg_unsafe_B": -0.1767346441745758, "val_safe_acc": 0.9650586813688278, "val_unsafe_acc": 0.8961093246936798, "val_total_loss": 0.11049843637738378, "val_dynamics_loss": 0.0049423481803387405, "_wandb": {"runtime": 3609}}