{"loss_lip": 0.0038415519520640373, "_timestamp": 1742596994.782856, "_runtime": 19.378632068634033, "_step": 498, "train_loss_safe": 0.07253292202949524, "train_loss_unsafe": 0.14678458869457245, "train_loss_grad": 0.047709397971630096, "train_loss_cql": 0.0, "train_dynamics_loss": 0.0479661300778389, "train_cbf_loss": 0.2670269086956978, "train_total_loss": 0.3149930387735367, "train_avg_safe_B": 0.007467083167284727, "train_avg_unsafe_B": -0.02767951227724552, "train_safe_acc": 0.7324561476707458, "train_unsafe_acc": 0.8928571343421936, "step": 248, "_wandb": {"runtime": 19}}