{"train_loss_safe": 0.0003486703208182007, "train_loss_unsafe": 0.12381415069103241, "train_loss_grad": 0.37981006503105164, "train_dynamics_loss": 0.006729659158736467, "train_cbf_loss": 0.5039728860429022, "train_total_loss": 0.5107025452016387, "train_avg_safe_B": 0.7396422624588013, "train_avg_unsafe_B": -0.39680927991867065, "train_safe_acc": 1.0, "train_unsafe_acc": 0.6875, "step": 4615, "_timestamp": 1740599452.4328299, "_runtime": 1211.1526119709015, "_step": 4638, "val_loss_safe": 0.0022059156879549848, "val_loss_unsafe": 0.1810090871527791, "val_loss_grad": 0.4775850009173155, "val_cbf_loss": 0.6608000037580496, "val_avg_safe_B": 0.7293269872665405, "val_avg_unsafe_B": -0.2969397169072181, "val_safe_acc": 0.9901361733675003, "val_unsafe_acc": 0.6713379174470901, "val_total_loss": 0.6706859906989848, "val_dynamics_loss": 0.009885986940935254, "_wandb": {"runtime": 1215}}