{"train_loss_safe": 0.09715183079242706, "train_loss_unsafe": 0.4191511869430542, "train_loss_grad": 0.07947716861963272, "train_avg_safe_B": 0.11389334499835968, "train_avg_unsafe_B": 0.1024240031838417, "train_total_loss": 0.595780186355114, "train_safe_acc": 0.774193525314331, "train_unsafe_acc": 0.0, "step": 8216, "_timestamp": 1740372559.890205, "_runtime": 2411.439960002899, "_step": 8258, "val_loss_safe": 0.09999021776020527, "val_loss_unsafe": 0.22975099161267282, "val_loss_grad": 0.06589390244334936, "val_avg_safe_B": 0.1106972873210907, "val_avg_unsafe_B": 0.019533076137304307, "val_total_loss": 0.39563511181622746, "val_safe_acc": 0.7969153165817261, "val_unsafe_acc": 0.26071428656578066, "_wandb": {"runtime": 2416}}