{"loss_lip": 0.08800628781318665, "_timestamp": 1740924265.3592918, "_runtime": 4320.646075725555, "_step": 48074, "logsumexp_h": {"_type": "histogram", "values": [1, 0, 0, 0, 0, 0, 0, 0, 0, 0, 3, 0, 0, 0, 2, 2, 0, 1, 2, 6, 11, 11, 6, 4, 0, 2, 7, 20, 22, 7, 2, 6], "bins": [2.2149879932403564, 2.2262563705444336, 2.23752498626709, 2.248793363571167, 2.260061740875244, 2.2713303565979004, 2.2825987339019775, 2.2938671112060547, 2.305135726928711, 2.316404104232788, 2.3276724815368652, 2.3389408588409424, 2.3502094745635986, 2.361477851867676, 2.372746229171753, 2.384014844894409, 2.3952832221984863, 2.4065515995025635, 2.4178202152252197, 2.429088592529297, 2.440356969833374, 2.4516255855560303, 2.4628939628601074, 2.4741623401641846, 2.4854307174682617, 2.496699333190918, 2.507967710494995, 2.5192360877990723, 2.5305047035217285, 2.5417730808258057, 2.553041458129883, 2.564310073852539, 2.575578451156616]}, "train_loss_safe": 0.029992420226335526, "train_loss_unsafe": 0.10501434653997421, "train_loss_grad": 0.018380705267190933, "train_loss_cql": 0.016783196479082108, "train_dynamics_loss": 0.025683633983135223, "train_cbf_loss": 0.17017066851258278, "train_total_loss": 0.195854302495718, "train_avg_safe_B": 0.07096068561077118, "train_avg_unsafe_B": -0.07239609211683273, "train_safe_acc": 0.9829059839248657, "train_unsafe_acc": 0.6363636255264282, "step": 14999, "val_loss_safe": 0.032097176741808654, "val_loss_unsafe": 0.09813756123185158, "val_loss_grad": 0.016441688034683467, "val_loss_cql": 0.01677542133256793, "val_cbf_loss": 0.16345184734091162, "val_avg_safe_B": 0.06925813183188438, "val_avg_unsafe_B": -0.07828160906210542, "val_safe_acc": 0.9580584675073623, "val_unsafe_acc": 0.7834157347679138, "val_total_loss": 0.16844911165535448, "val_dynamics_loss": 0.004997264314442873, "_wandb": {"runtime": 4400}}