{"train_loss_safe": 0.04389575496315956, "train_loss_unsafe": 0.1731756627559662, "train_loss_grad": 0.0, "train_dynamics_loss": 0.05071213096380234, "train_cbf_loss": 0.21707141771912575, "train_total_loss": 0.2677835486829281, "train_avg_safe_B": 0.05610424280166626, "train_avg_unsafe_B": 0.04431304708123207, "train_safe_acc": 1.0, "train_unsafe_acc": 0.0, "train_loss_lip": 1.1727788660209626e-06, "step": 415, "_timestamp": 1740597508.701204, "_runtime": 80.58075499534607, "_step": 417, "val_loss_safe": 0.0439232287928462, "val_loss_unsafe": 0.1735304996371269, "val_loss_grad": 0.0, "val_cbf_loss": 0.21745476553030585, "val_avg_safe_B": 0.05607677288353443, "val_avg_unsafe_B": 0.04460874274373054, "val_safe_acc": 1.0, "val_unsafe_acc": 0.0, "val_total_loss": 0.2570299651268897, "val_loss_lip": 1.0371003327236394e-06, "val_dynamics_loss": 0.03957519959658384, "_wandb": {"runtime": 85}}