{"loss_lip": 0.02119451016187668, "_timestamp": 1741814672.388635, "_runtime": 4065.386029958725, "_step": 44295, "logsumexp_h": 2.5824596881866455, "train_loss_safe": 0.009116321802139282, "train_loss_unsafe": 0.031021101400256157, "train_loss_grad": 0.11249285936355591, "train_loss_cql": 0.11894506216049194, "train_dynamics_loss": 0.010267269797623158, "train_cbf_loss": 0.2715753447264433, "train_total_loss": 0.28184261452406645, "train_avg_safe_B": 0.09786036610603333, "train_avg_unsafe_B": -0.5827086567878723, "train_safe_acc": 0.9627906680107117, "train_unsafe_acc": 0.9268292784690857, "step": 13999, "val_loss_safe": 0.006727816956117749, "val_loss_unsafe": 0.030666622426360847, "val_loss_grad": 0.0633207037113607, "val_loss_cql": 0.11897823251783848, "val_cbf_loss": 0.1007151430938393, "val_avg_safe_B": 0.10182943791151047, "val_avg_unsafe_B": -0.5368121132254601, "val_safe_acc": 0.9755027234554291, "val_unsafe_acc": 0.9177064329385758, "val_total_loss": 0.11968692480586471, "val_dynamics_loss": 0.018971781712025404, "_wandb": {"runtime": 4145}}