{"loss_lip": 0.011938726529479027, "_timestamp": 1740880938.936589, "_runtime": 5459.378346920013, "_step": 42099, "train_loss_safe": 0.007228412199765444, "train_loss_unsafe": 0.04280465841293335, "train_loss_grad": 0.05792785808444023, "train_dynamics_loss": 0.0034896754659712315, "train_cbf_loss": 0.10796092869713902, "train_total_loss": 0.11145060416311026, "train_avg_safe_B": 0.17188331484794617, "train_avg_unsafe_B": -0.1654582917690277, "train_safe_acc": 0.9830508232116699, "train_unsafe_acc": 0.8999999761581421, "step": 19999, "val_loss_safe": 0.011067146807909012, "val_loss_unsafe": 0.04031391808530316, "val_loss_grad": 0.08498956859111786, "val_cbf_loss": 0.13637063348433004, "val_avg_safe_B": 0.16624743416905402, "val_avg_unsafe_B": -0.16595264784991742, "val_safe_acc": 0.9615652948617935, "val_unsafe_acc": 0.9137272506952285, "val_total_loss": 0.1434081238345243, "val_dynamics_loss": 0.007037490350194275, "_wandb": {"runtime": 5539}}