{"train_loss_safe": 0.1737086921930313, "train_loss_unsafe": 0.1296815276145935, "train_loss_grad": 0.10398474335670471, "train_avg_safe_B": 0.029543863609433174, "train_avg_unsafe_B": -0.12111441045999527, "train_total_loss": 0.40737496316432953, "train_safe_acc": 0.6000000238418579, "train_unsafe_acc": 0.800000011920929, "step": 9449, "_timestamp": 1740370113.187139, "_runtime": 3362.8910830020905, "_step": 9497, "val_loss_safe": 0.13749586157500743, "val_loss_unsafe": 0.19498590901494026, "val_loss_grad": 0.0794641561806202, "val_avg_safe_B": 0.06319387536495924, "val_avg_unsafe_B": -0.0705408784095198, "val_total_loss": 0.41194592677056785, "val_safe_acc": 0.6891144424676895, "val_unsafe_acc": 0.6923438459634781, "_wandb": {"runtime": 3362}}