{"train_loss_safe": 0.20355704426765442, "train_loss_unsafe": 0.05191810429096222, "train_loss_grad": 0.20604024827480316, "train_avg_safe_B": -0.16313129663467407, "train_avg_unsafe_B": -0.17880570888519287, "train_total_loss": 0.4615153968334198, "step": 316, "_timestamp": 1740280059.963607, "_runtime": 225.9248011112213, "_step": 320, "val_loss_safe": 0.19937913686037065, "val_loss_unsafe": 0.010374214054318145, "val_loss_grad": 0.202208464294672, "val_avg_safe_B": -0.15162471324205398, "val_avg_unsafe_B": -0.18395846024155615, "val_total_loss": 0.4119618152093608, "_wandb": {"runtime": 226}}