{"loss_lip": 0.005613287910819054, "_timestamp": 1742593976.1273642, "_runtime": 66.646231174469, "_step": 652, "train_loss_safe": 0.04479978606104851, "train_loss_unsafe": 0.15035480260849, "train_loss_grad": 0.01701519452035427, "train_loss_cql": 0.0, "train_dynamics_loss": 0.05997096002101898, "train_cbf_loss": 0.21216978318989277, "train_total_loss": 0.27214074321091175, "train_avg_safe_B": 0.03520021215081215, "train_avg_unsafe_B": -0.030495552346110344, "train_safe_acc": 0.8979591727256775, "train_unsafe_acc": 0.5333333611488342, "step": 315, "val_loss_safe": 0.0470698069781065, "val_loss_unsafe": 0.15228142738342285, "val_loss_grad": 0.019744745641946792, "val_loss_cql": 0.0, "val_cbf_loss": 0.21909598000347613, "val_avg_safe_B": 0.03293019142001867, "val_avg_unsafe_B": -0.025106735154986383, "val_safe_acc": 0.8807729363441468, "val_unsafe_acc": 0.5842388153076172, "val_total_loss": 0.28465158082544806, "val_dynamics_loss": 0.0655556008219719, "_wandb": {"runtime": 71}}