{"train_loss_safe": 0.052853066474199295, "train_loss_unsafe": 0.6551694869995117, "train_loss_grad": 0.014131097123026848, "train_loss_cql": 0.0, "train_dynamics_loss": 0.13805024325847626, "train_cbf_loss": 0.7221536505967379, "train_total_loss": 0.8602038938552141, "train_avg_safe_B": 0.02714693173766136, "train_avg_unsafe_B": 0.02758472040295601, "train_safe_acc": 0.9921875, "train_unsafe_acc": 0.007031249813735485, "step": 121, "_timestamp": 1744663480.541375, "_runtime": 20.28414487838745, "_step": 121, "_wandb": {"runtime": 19}}