{"train_loss_safe": 0.02758627012372017, "train_loss_unsafe": 0.15910477936267853, "train_loss_grad": 0.21306538581848145, "train_loss_cql": 0.0, "train_dynamics_loss": 0.010755236260592937, "train_cbf_loss": 0.39975643530488014, "train_total_loss": 0.4105116715654731, "train_avg_safe_B": 0.09642839431762695, "train_avg_unsafe_B": -0.03931109607219696, "train_safe_acc": 0.8671875, "train_unsafe_acc": 0.5273212194442749, "step": 14999, "_timestamp": 1744517067.4041102, "_runtime": 3948.963999271393, "_step": 15049, "val_loss_safe": 0.021138375531882046, "val_loss_unsafe": 0.15332592129707337, "val_loss_grad": 0.23793120868504047, "val_loss_cql": 0.0, "val_cbf_loss": 0.4123955055139959, "val_avg_safe_B": 0.10637703090906143, "val_avg_unsafe_B": -0.043215880170464516, "val_safe_acc": 0.9070869445800781, "val_unsafe_acc": 0.5470067083835601, "val_total_loss": 0.42283749671187254, "val_dynamics_loss": 0.010441991197876633, "_wandb": {"runtime": 4028}}