{"loss_lip": 0.02136598527431488, "_timestamp": 1741784221.567202, "_runtime": 3604.2223851680756, "_step": 44295, "logsumexp_h": 2.5277527741023476, "train_loss_safe": 0.009217807091772556, "train_loss_unsafe": 0.031060487031936646, "train_loss_grad": 0.11300233006477356, "train_loss_cql": 0.16691456735134125, "train_dynamics_loss": 0.010267269797623158, "train_cbf_loss": 0.320195191539824, "train_total_loss": 0.33046246133744717, "train_avg_safe_B": 0.0984339714050293, "train_avg_unsafe_B": -0.5849363803863525, "train_safe_acc": 0.9627906680107117, "train_unsafe_acc": 0.9268292784690857, "step": 13999, "val_loss_safe": 0.006775910011492669, "val_loss_unsafe": 0.030539609724655747, "val_loss_grad": 0.06385861793532968, "val_loss_cql": 0.16690378934144973, "val_cbf_loss": 0.10117413767147809, "val_avg_safe_B": 0.10251658819615841, "val_avg_unsafe_B": -0.5388404130935669, "val_safe_acc": 0.975018459558487, "val_unsafe_acc": 0.9175534188747406, "val_total_loss": 0.1201459193835035, "val_dynamics_loss": 0.018971781712025404, "_wandb": {"runtime": 3683}}