{"train_loss_safe": 0.013803580775856972, "train_loss_unsafe": 0.11738617718219757, "train_loss_grad": 0.014195865020155907, "train_loss_cql": 0.0, "train_dynamics_loss": 0.0022715055383741856, "train_cbf_loss": 0.14538562297821045, "train_total_loss": 0.14765712851658463, "train_avg_safe_B": 0.06833638995885849, "train_avg_unsafe_B": -0.097784124314785, "train_safe_acc": 0.9488189220428467, "train_unsafe_acc": 0.6275510191917419, "step": 1357, "_timestamp": 1744406502.911505, "_runtime": 308.111603975296, "_step": 1361, "val_loss_safe": 0.017214525677263736, "val_loss_unsafe": 0.12096000090241432, "val_loss_grad": 0.03323611952364445, "val_loss_cql": 0.0, "val_cbf_loss": 0.1714106461033225, "val_avg_safe_B": 0.0642144987359643, "val_avg_unsafe_B": -0.09164146296679973, "val_safe_acc": 0.9399418443441391, "val_unsafe_acc": 0.6040628254413605, "val_total_loss": 0.17409291533986104, "val_dynamics_loss": 0.0026822692365385593, "_wandb": {"runtime": 307}}