{"train_loss_safe": 2.4826294975355268e-05, "train_loss_unsafe": 0.0979844331741333, "train_loss_grad": 0.0018700981745496392, "train_avg_safe_B": 0.051347095519304276, "train_avg_unsafe_B": 0.05067211017012596, "train_total_loss": 0.0998793576436583, "step": 416, "_timestamp": 1740279446.6980748, "_runtime": 292.25708270072937, "_step": 421, "val_loss_safe": 2.4461014254484327e-05, "val_loss_unsafe": 0.02221728169126436, "val_loss_grad": 0.0017403020453639329, "val_avg_safe_B": 0.051717247292399404, "val_avg_unsafe_B": 0.05011779185384512, "val_total_loss": 0.023982044750882777, "_wandb": {"runtime": 296}}