{"loss_lip": 0.015559541061520576, "_timestamp": 1741036044.01262, "_runtime": 3982.7282149791718, "_step": 44295, "logsumexp_h": 2.512556144169399, "train_loss_safe": 0.016113141551613808, "train_loss_unsafe": 0.013397755101323128, "train_loss_grad": 0.04783155024051666, "train_loss_cql": 0.16748861968517303, "train_dynamics_loss": 0.006633870769292116, "train_cbf_loss": 0.24483106657862663, "train_total_loss": 0.25146493734791875, "train_avg_safe_B": 0.07692606747150421, "train_avg_unsafe_B": -0.2074497789144516, "train_safe_acc": 0.9327731132507324, "train_unsafe_acc": 1.0, "step": 13999, "val_loss_safe": 0.00796175329014659, "val_loss_unsafe": 0.0326719899661839, "val_loss_grad": 0.059738542325794695, "val_loss_cql": 0.16680798307061195, "val_cbf_loss": 0.10037228558212519, "val_avg_safe_B": 0.08779475875198842, "val_avg_unsafe_B": -0.18379324823617935, "val_safe_acc": 0.9654960215091706, "val_unsafe_acc": 0.9075319111347199, "val_total_loss": 0.10907622161321343, "val_dynamics_loss": 0.008703936031088233, "_wandb": {"runtime": 4062}}