{"loss_lip": 0.054928526282310486, "_timestamp": 1742609823.006041, "_runtime": 2923.6108679771423, "_step": 31049, "train_loss_safe": 0.0016005552606657147, "train_loss_unsafe": 0.05997200682759285, "train_loss_grad": 0.17724451422691345, "train_loss_cql": 0.0, "train_dynamics_loss": 0.011802023276686668, "train_cbf_loss": 0.23881707631517202, "train_total_loss": 0.2506190995918587, "train_avg_safe_B": 0.6031986474990845, "train_avg_unsafe_B": -0.6465156078338623, "train_safe_acc": 0.9950739145278931, "train_unsafe_acc": 0.8867924809455872, "step": 14999, "val_loss_safe": 0.0036885395500576125, "val_loss_unsafe": 0.06648107571527362, "val_loss_grad": 0.23435213081538678, "val_loss_cql": 0.0, "val_cbf_loss": 0.304521746080718, "val_avg_safe_B": 0.6169687777757644, "val_avg_unsafe_B": -0.6117784351110458, "val_safe_acc": 0.9850825309753418, "val_unsafe_acc": 0.8638098001480102, "val_total_loss": 0.3222641560569173, "val_dynamics_loss": 0.017742409976199268, "_wandb": {"runtime": 3026}}