{"loss_lip": 0.047889336943626404, "_timestamp": 1741024461.2246988, "_runtime": 4210.830307722092, "_step": 44295, "logsumexp_h": 2.1835927963256836, "train_loss_safe": 0.0732017531991005, "train_loss_unsafe": 0.006302880123257637, "train_loss_grad": 0.5975950956344604, "train_loss_cql": 1.070853590965271, "train_dynamics_loss": 0.006633870769292116, "train_cbf_loss": 1.7479533199220896, "train_total_loss": 1.7545871906913817, "train_avg_safe_B": 0.021671483293175697, "train_avg_unsafe_B": -0.30722305178642273, "train_safe_acc": 0.6974790096282959, "train_unsafe_acc": 1.0, "step": 13999, "val_loss_safe": 0.055495519563555716, "val_loss_unsafe": 0.011553676059702412, "val_loss_grad": 0.5135200157761574, "val_loss_cql": 1.0483116567134858, "val_cbf_loss": 0.5805692113994155, "val_avg_safe_B": 0.039581090398132804, "val_avg_unsafe_B": -0.3083484061062336, "val_safe_acc": 0.7609857767820358, "val_unsafe_acc": 0.9812332093715668, "val_total_loss": 0.5892731474305037, "val_dynamics_loss": 0.008703936031088233, "_wandb": {"runtime": 4290}}