{"loss_lip": 0.02326003462076187, "_timestamp": 1741798353.089798, "_runtime": 3521.175910949707, "_step": 44295, "logsumexp_h": 2.7034687995910645, "train_loss_safe": 0.005422652233392, "train_loss_unsafe": 0.047868017107248306, "train_loss_grad": 0.07376652956008911, "train_loss_cql": 0.1182967945933342, "train_dynamics_loss": 0.007079379633069038, "train_cbf_loss": 0.24535399349406362, "train_total_loss": 0.25243337312713265, "train_avg_safe_B": 0.17328646779060364, "train_avg_unsafe_B": -0.15062102675437927, "train_safe_acc": 0.969565212726593, "train_unsafe_acc": 0.8846153616905212, "step": 13999, "val_loss_safe": 0.006092218449339271, "val_loss_unsafe": 0.036757105868309735, "val_loss_grad": 0.05976755255833268, "val_loss_cql": 0.11826550401747227, "val_cbf_loss": 0.10261687687598169, "val_avg_safe_B": 0.17032696977257727, "val_avg_unsafe_B": -0.16879119277000426, "val_safe_acc": 0.9695897191762924, "val_unsafe_acc": 0.8940259933471679, "val_total_loss": 0.10755922505632043, "val_dynamics_loss": 0.0049423481803387405, "_wandb": {"runtime": 3600}}