{"loss_lip": 0.015823759138584137, "_timestamp": 1741007880.4723608, "_runtime": 3306.3060009479523, "_step": 44295, "logsumexp_h": 2.5376856327056885, "train_loss_safe": 0.014982660301029682, "train_loss_unsafe": 0.010594388470053673, "train_loss_grad": 0.037791427224874496, "train_loss_cql": 0.00016832296387292445, "train_dynamics_loss": 0.006633870769292116, "train_cbf_loss": 0.06353679895983078, "train_total_loss": 0.07017066972912289, "train_avg_safe_B": 0.08512143790721893, "train_avg_unsafe_B": -0.21559128165245056, "train_safe_acc": 0.9411764740943909, "train_unsafe_acc": 1.0, "step": 13999, "val_loss_safe": 0.00703834774903953, "val_loss_unsafe": 0.034658784954808654, "val_loss_grad": 0.0525993169285357, "val_loss_cql": 0.00016739444181439466, "val_cbf_loss": 0.09429644963238389, "val_avg_safe_B": 0.09717370644211769, "val_avg_unsafe_B": -0.18439472354948522, "val_safe_acc": 0.9676307559013366, "val_unsafe_acc": 0.9075319111347199, "val_total_loss": 0.10300038566347212, "val_dynamics_loss": 0.008703936031088233, "_wandb": {"runtime": 3385}}