{"train_loss_safe": 0.028357379138469696, "train_loss_unsafe": 0.16504552960395813, "train_loss_grad": 0.19277849793434143, "train_loss_cql": 0.0, "train_dynamics_loss": 0.010755236260592937, "train_cbf_loss": 0.38618140667676926, "train_total_loss": 0.3969366429373622, "train_avg_safe_B": 0.07985984534025192, "train_avg_unsafe_B": -0.029003644362092018, "train_safe_acc": 0.8515625, "train_unsafe_acc": 0.47382813692092896, "step": 14999, "_timestamp": 1744526318.461657, "_runtime": 3361.091017961502, "_step": 15049, "val_loss_safe": 0.022726096026599408, "val_loss_unsafe": 0.16101871728897094, "val_loss_grad": 0.21943358331918716, "val_loss_cql": 0.0, "val_cbf_loss": 0.4031783966347575, "val_avg_safe_B": 0.08849326558411122, "val_avg_unsafe_B": -0.032227578945457934, "val_safe_acc": 0.9051238983869553, "val_unsafe_acc": 0.5017773509025574, "val_total_loss": 0.41362038783263416, "val_dynamics_loss": 0.010441991197876633, "_wandb": {"runtime": 3440}}