{"train_loss_safe": 0.041125185787677765, "train_loss_unsafe": 0.18508395552635193, "train_loss_grad": 0.5600430965423584, "train_loss_cql": 0.0, "train_dynamics_loss": 0.00024383366690017283, "train_cbf_loss": 0.7862522378563881, "train_total_loss": 0.7864960715232883, "train_avg_safe_B": 0.1602180302143097, "train_avg_unsafe_B": -0.3636605143547058, "train_safe_acc": 0.84375, "train_unsafe_acc": 0.82421875, "step": 14999, "_timestamp": 1744580496.622735, "_runtime": 3353.941088914871, "_step": 15049, "val_loss_safe": 0.041573081910610196, "val_loss_unsafe": 0.1866610139608383, "val_loss_grad": 0.5166709497570992, "val_loss_cql": 0.0, "val_cbf_loss": 0.7449050456285476, "val_avg_safe_B": 0.16011232435703276, "val_avg_unsafe_B": -0.3581908896565437, "val_safe_acc": 0.8524455189704895, "val_unsafe_acc": 0.8273828119039536, "val_total_loss": 0.7452862737234681, "val_dynamics_loss": 0.000381228094920516, "_wandb": {"runtime": 3433}}