{"loss_lip": 0.08601211756467819, "_timestamp": 1740915295.82924, "_runtime": 4349.2715520858765, "_step": 48074, "logsumexp_h": {"_type": "histogram", "values": [1, 0, 0, 0, 0, 0, 0, 0, 0, 0, 2, 0, 2, 1, 2, 0, 0, 2, 2, 8, 12, 7, 8, 3, 0, 3, 11, 23, 17, 5, 1, 5], "bins": [2.2198164463043213, 2.2310452461242676, 2.242274045944214, 2.25350284576416, 2.2647316455841064, 2.2759604454040527, 2.28718900680542, 2.298417806625366, 2.3096466064453125, 2.320875406265259, 2.332104206085205, 2.3433330059051514, 2.3545618057250977, 2.365790605545044, 2.3770194053649902, 2.3882482051849365, 2.399477005004883, 2.41070556640625, 2.4219343662261963, 2.4331631660461426, 2.444391965866089, 2.455620765686035, 2.4668495655059814, 2.4780783653259277, 2.489307165145874, 2.5005359649658203, 2.5117647647857666, 2.522993326187134, 2.53422212600708, 2.5454509258270264, 2.5566797256469727, 2.567908525466919, 2.5791373252868652]}, "train_loss_safe": 0.029816066846251488, "train_loss_unsafe": 0.10601339489221573, "train_loss_grad": 0.019657107070088387, "train_loss_cql": 0.00016782547754701227, "train_dynamics_loss": 0.025683633983135223, "train_cbf_loss": 0.15565439428610262, "train_total_loss": 0.18133802826923784, "train_avg_safe_B": 0.0711544081568718, "train_avg_unsafe_B": -0.07120940834283829, "train_safe_acc": 0.9829059839248657, "train_unsafe_acc": 0.6363636255264282, "step": 14999, "val_loss_safe": 0.03218613537028432, "val_loss_unsafe": 0.09904705211520196, "val_loss_grad": 0.016827733407262714, "val_loss_cql": 0.00016777763739810324, "val_cbf_loss": 0.1482286985301471, "val_avg_safe_B": 0.0691905938088894, "val_avg_unsafe_B": -0.07702993107959628, "val_safe_acc": 0.9571755737066269, "val_unsafe_acc": 0.7825823992490768, "val_total_loss": 0.15322596284458997, "val_dynamics_loss": 0.004997264314442873, "_wandb": {"runtime": 4428}}