{"train_loss_safe": 0.019157204777002335, "train_loss_unsafe": 0.07003256678581238, "train_loss_grad": 0.14588747918605804, "train_loss_cql": 0.0, "train_dynamics_loss": 0.00022352034284267575, "train_cbf_loss": 0.23507725074887276, "train_total_loss": 0.23530077109171543, "train_avg_safe_B": 0.10261541604995728, "train_avg_unsafe_B": -0.21994133293628693, "train_safe_acc": 0.9015747904777527, "train_unsafe_acc": 0.8084112405776978, "step": 14999, "_timestamp": 1744415179.163222, "_runtime": 3610.7284891605377, "_step": 15049, "val_loss_safe": 0.016125940438359975, "val_loss_unsafe": 0.07012751493602991, "val_loss_grad": 0.11009061224758625, "val_loss_cql": 0.0, "val_cbf_loss": 0.19634406762197615, "val_avg_safe_B": 0.10415545627474784, "val_avg_unsafe_B": -0.22091470658779144, "val_safe_acc": 0.9213531255722046, "val_unsafe_acc": 0.8020088076591492, "val_total_loss": 0.19671998188132422, "val_dynamics_loss": 0.00037591425934806465, "_wandb": {"runtime": 3690}}