{"train_loss_safe": 0.010526987724006176, "train_loss_unsafe": 0.07963615655899048, "train_loss_grad": 0.11965212970972061, "train_dynamics_loss": 0.016055528074502945, "train_cbf_loss": 0.20981527399271727, "train_total_loss": 0.2258708020672202, "train_avg_safe_B": 0.7851724624633789, "train_avg_unsafe_B": -0.3380782902240753, "train_safe_acc": 0.9736841917037964, "train_unsafe_acc": 0.9285714030265808, "step": 5399, "_timestamp": 1740548203.273262, "_runtime": 1410.2668330669403, "_step": 5425, "val_loss_safe": 0.0034393455600365995, "val_loss_unsafe": 0.10026997933164239, "val_loss_grad": 0.1360115200281143, "val_cbf_loss": 0.23972084491979329, "val_avg_safe_B": 0.8230446815490723, "val_avg_unsafe_B": -0.37159614227712157, "val_safe_acc": 0.9883858412504196, "val_unsafe_acc": 0.8309764474630356, "val_total_loss": 0.2575197294354439, "val_dynamics_loss": 0.017798884515650572, "_wandb": {"runtime": 1413}}