{"train_loss_safe": 0.0026714636478573084, "train_loss_unsafe": 0.04145161062479019, "train_loss_grad": 0.2394951581954956, "train_dynamics_loss": 0.0045674266293644905, "train_cbf_loss": 0.2836182324681431, "train_total_loss": 0.2881856590975076, "train_avg_safe_B": 0.5509035587310791, "train_avg_unsafe_B": -0.5301662087440491, "train_safe_acc": 0.991150438785553, "train_unsafe_acc": 0.9333333373069763, "step": 9999, "_timestamp": 1740602606.569943, "_runtime": 3067.829283952713, "_step": 10049, "val_loss_safe": 0.006191509210475487, "val_loss_unsafe": 0.08359392621787265, "val_loss_grad": 0.21231074668467045, "val_cbf_loss": 0.3020961821130186, "val_avg_safe_B": 0.5641713738441467, "val_avg_unsafe_B": -0.46477905511856077, "val_safe_acc": 0.9755642175674438, "val_unsafe_acc": 0.8818780928850174, "val_total_loss": 0.3120163476494781, "val_dynamics_loss": 0.009920165536459535, "_wandb": {"runtime": 3147}}