{"loss_lip": 0.011266409419476986, "_timestamp": 1746065684.743967, "_runtime": 11629.995399951935, "_step": 156805, "logsumexp_h": 2.4626123905181885, "train_loss_safe": 0.004579358268529177, "train_loss_unsafe": 0.021612338721752167, "train_loss_grad": 0.02966967783868313, "train_loss_cql": 0.2381969541311264, "train_dynamics_loss": 0.00844454113394022, "train_cbf_loss": 0.2940583289600909, "train_total_loss": 0.3025028700940311, "train_avg_safe_B": 0.08064298331737518, "train_avg_unsafe_B": -0.18489134311676025, "train_safe_acc": 0.9796954393386841, "train_unsafe_acc": 0.9322034120559692, "step": 49999, "val_loss_safe": 0.0051542411965783685, "val_loss_unsafe": 0.020437295129522682, "val_loss_grad": 0.03841882604174316, "val_loss_cql": 0.2383594758808613, "val_cbf_loss": 0.06401036236784421, "val_avg_safe_B": 0.0806031335145235, "val_avg_unsafe_B": -0.19302706196904182, "val_safe_acc": 0.9764734447002411, "val_unsafe_acc": 0.9473892509937286, "val_total_loss": 0.07266682299668902, "val_dynamics_loss": 0.008656460628844797, "_wandb": {"runtime": 11669}}