{"train_loss_safe": 0.00022991560399532318, "train_loss_unsafe": 0.047651827335357666, "train_loss_grad": 0.0, "train_avg_safe_B": 0.15227076411247253, "train_avg_unsafe_B": 0.1512065827846527, "train_total_loss": 0.04788174293935299, "step": 300, "_timestamp": 1740279086.201288, "_runtime": 191.36871099472046, "_step": 303, "val_loss_safe": 0.0005069152486976236, "val_loss_unsafe": 0.010033252503490075, "val_loss_grad": 1.1977194444625639e-05, "val_avg_safe_B": 0.15118008360266685, "val_avg_unsafe_B": 0.15049202471971512, "val_total_loss": 0.010552144946632324, "_wandb": {"runtime": 203}}