{"train_loss_safe": 0.08635471016168594, "train_loss_unsafe": 0.06592895090579987, "train_loss_grad": 0.6969008445739746, "train_dynamics_loss": 0.5801071524620056, "train_cbf_loss": 0.8491845056414604, "train_total_loss": 1.429291658103466, "train_avg_safe_B": 0.19206802546977997, "train_avg_unsafe_B": -0.08446595817804337, "train_safe_acc": 0.47154471278190613, "train_unsafe_acc": 0.800000011920929, "step": 2416, "_timestamp": 1740455394.399497, "_runtime": 758.8218410015106, "_step": 2429, "val_loss_safe": 0.06707297451794147, "val_loss_unsafe": 0.10553323277272283, "val_loss_grad": 0.6158861368894577, "val_cbf_loss": 0.788492344180122, "val_avg_safe_B": 0.252919402718544, "val_avg_unsafe_B": -0.04371071386849508, "val_safe_acc": 0.5662187248468399, "val_unsafe_acc": 0.8839881002902985, "val_total_loss": 1.4079506440553815, "val_dynamics_loss": 0.6194582998752594, "_wandb": {"runtime": 758}}