{"train_loss_safe": 0.05476810783147812, "train_loss_unsafe": 0.12147533893585205, "train_loss_grad": 0.624998152256012, "train_dynamics_loss": 0.6176725029945374, "train_cbf_loss": 0.8012415990233421, "train_total_loss": 1.4189141020178795, "train_avg_safe_B": 0.2532525658607483, "train_avg_unsafe_B": 0.00026488490402698517, "train_safe_acc": 0.6129032373428345, "train_unsafe_acc": 0.5, "step": 9999, "_timestamp": 1740462550.064268, "_runtime": 5316.881386041641, "_step": 10049, "val_loss_safe": 0.05429512113332748, "val_loss_unsafe": 0.11167571023106575, "val_loss_grad": 0.6266753226518631, "val_cbf_loss": 0.7926461540162564, "val_avg_safe_B": 0.24107395112514496, "val_avg_unsafe_B": -0.014613580214791, "val_safe_acc": 0.6291751474142074, "val_unsafe_acc": 0.7323809564113617, "val_total_loss": 1.3460369281470776, "val_dynamics_loss": 0.5533907741308213, "_wandb": {"runtime": 5396}}