{"train_loss_safe": 0.06735922396183014, "train_loss_unsafe": 0.08221714943647385, "train_loss_grad": 0.048574015498161316, "train_avg_safe_B": 0.04671338573098183, "train_avg_unsafe_B": -0.041273463517427444, "train_total_loss": 0.1981503888964653, "train_safe_acc": 0.6951219439506531, "train_unsafe_acc": 0.800000011920929, "step": 2616, "_timestamp": 1740349154.938682, "_runtime": 809.096127986908, "_step": 2630, "val_loss_safe": 0.07231787480413913, "val_loss_unsafe": 0.09469574131071568, "val_loss_grad": 0.051015518605709076, "val_avg_safe_B": 0.040354172326624395, "val_avg_unsafe_B": -0.0343698672906612, "val_total_loss": 0.2180291347205639, "val_safe_acc": 0.6523272514343261, "val_unsafe_acc": 0.7577100783586502, "_wandb": {"runtime": 813}}