{"loss_lip": 0.06545958667993546, "_timestamp": 1743886744.5981061, "_runtime": 2366.1174931526184, "_step": 33923, "logsumexp_h": 2.256060838699341, "train_loss_safe": 0.06401742249727249, "train_loss_unsafe": 0.017639394849538803, "train_loss_grad": 0.3932527005672455, "train_loss_cql": 2.209709644317627, "train_dynamics_loss": 0.007300244178622961, "train_cbf_loss": 2.6846191622316837, "train_total_loss": 2.6919194064103067, "train_avg_safe_B": 0.04369715601205826, "train_avg_unsafe_B": -0.36606600880622864, "train_safe_acc": 0.748971164226532, "train_unsafe_acc": 0.9230769276618958, "step": 10815, "val_loss_safe": 0.0589089622721076, "val_loss_unsafe": 0.015443740255432204, "val_loss_grad": 0.3686628855764866, "val_loss_cql": 2.2152509808540346, "val_cbf_loss": 0.4430155881040264, "val_avg_safe_B": 0.04960150048136711, "val_avg_unsafe_B": -0.4075514644384384, "val_safe_acc": 0.789248776435852, "val_unsafe_acc": 0.9663288801908493, "val_total_loss": 0.44895734058809467, "val_dynamics_loss": 0.005941752484068275, "_wandb": {"runtime": 2370}}