{"loss_lip": 0.015110364183783531, "_timestamp": 1741011301.331824, "_runtime": 3316.0209000110626, "_step": 44295, "logsumexp_h": 2.5285039629255026, "train_loss_safe": 0.01531720720231533, "train_loss_unsafe": 0.011259889230132103, "train_loss_grad": 0.040038011968135834, "train_loss_cql": 0.01681993156671524, "train_dynamics_loss": 0.006633870769292116, "train_cbf_loss": 0.08343503996729851, "train_total_loss": 0.09006891073659062, "train_avg_safe_B": 0.08102063089609146, "train_avg_unsafe_B": -0.2136813849210739, "train_safe_acc": 0.9327731132507324, "train_unsafe_acc": 1.0, "step": 13999, "val_loss_safe": 0.007224462088197469, "val_loss_unsafe": 0.034327706482145004, "val_loss_grad": 0.05133773563429713, "val_loss_cql": 0.016729787364602088, "val_cbf_loss": 0.0928899042046396, "val_avg_safe_B": 0.09246212355792523, "val_avg_unsafe_B": -0.1834482841193676, "val_safe_acc": 0.9671953409910202, "val_unsafe_acc": 0.9075319111347199, "val_total_loss": 0.10159384023572784, "val_dynamics_loss": 0.008703936031088233, "_wandb": {"runtime": 3395}}