{"train_loss_safe": 0.009552146308124065, "train_loss_unsafe": 0.09730041772127151, "train_loss_grad": 0.29503679275512695, "train_loss_cql": 0.0, "train_dynamics_loss": 0.0111350417137146, "train_cbf_loss": 0.40188935678452253, "train_total_loss": 0.41302439849823713, "train_avg_safe_B": 0.17785587906837463, "train_avg_unsafe_B": -0.1767171025276184, "train_safe_acc": 0.9645669460296631, "train_unsafe_acc": 0.7372013926506042, "step": 14999, "_timestamp": 1744521847.6214988, "_runtime": 4232.179719924927, "_step": 15049, "val_loss_safe": 0.01232433095574379, "val_loss_unsafe": 0.09188311100006104, "val_loss_grad": 0.24219715222716331, "val_loss_cql": 0.0, "val_cbf_loss": 0.34640459418296815, "val_avg_safe_B": 0.18870526775717736, "val_avg_unsafe_B": -0.19378595426678658, "val_safe_acc": 0.9448996514081955, "val_unsafe_acc": 0.7580478966236115, "val_total_loss": 0.35902223391458393, "val_dynamics_loss": 0.012617639731615782, "_wandb": {"runtime": 4311}}