{"loss_lip": 0.0883338525891304, "_timestamp": 1740919785.6508958, "_runtime": 4329.173237800598, "_step": 48074, "logsumexp_h": {"_type": "histogram", "values": [1, 0, 0, 0, 0, 0, 0, 0, 1, 2, 0, 0, 0, 0, 3, 0, 1, 2, 3, 1, 12, 12, 4, 7, 0, 3, 9, 22, 21, 3, 3, 5], "bins": [2.211489677429199, 2.222929000854492, 2.2343685626983643, 2.2458078861236572, 2.2572474479675293, 2.2686867713928223, 2.2801260948181152, 2.2915656566619873, 2.3030049800872803, 2.3144445419311523, 2.3258838653564453, 2.3373231887817383, 2.3487627506256104, 2.3602020740509033, 2.3716416358947754, 2.3830809593200684, 2.3945202827453613, 2.4059598445892334, 2.4173991680145264, 2.4288387298583984, 2.4402780532836914, 2.4517176151275635, 2.4631569385528564, 2.4745962619781494, 2.4860358238220215, 2.4974751472473145, 2.5089147090911865, 2.5203540325164795, 2.5317933559417725, 2.5432329177856445, 2.5546722412109375, 2.5661118030548096, 2.5775511264801025]}, "train_loss_safe": 0.029727919027209282, "train_loss_unsafe": 0.10573787242174149, "train_loss_grad": 0.020866088569164276, "train_loss_cql": 0.0016783730825409293, "train_dynamics_loss": 0.025683633983135223, "train_cbf_loss": 0.15801025310065597, "train_total_loss": 0.1836938870837912, "train_avg_safe_B": 0.07123173773288727, "train_avg_unsafe_B": -0.07173337042331696, "train_safe_acc": 0.9829059839248657, "train_unsafe_acc": 0.6363636255264282, "step": 14999, "val_loss_safe": 0.031939036399126056, "val_loss_unsafe": 0.09874910321086645, "val_loss_grad": 0.016535762668354437, "val_loss_cql": 0.0016776795557234437, "val_cbf_loss": 0.1489015818340704, "val_avg_safe_B": 0.06942961402237416, "val_avg_unsafe_B": -0.07763683013617992, "val_safe_acc": 0.9580621540546417, "val_unsafe_acc": 0.7825823992490768, "val_total_loss": 0.15389884614851326, "val_dynamics_loss": 0.004997264314442873, "_wandb": {"runtime": 4408}}