{"loss_lip": 0.05355163663625717, "_timestamp": 1740910667.247516, "_runtime": 227.62388396263123, "_step": 2568, "logsumexp_h": {"_type": "histogram", "values": [1, 0, 1, 0, 3, 2, 3, 7, 12, 11, 7, 8, 7, 10, 2, 3, 0, 0, 0, 0, 0, 0, 0, 0, 0, 1, 2, 0, 6, 9, 9, 10], "bins": [2.373431921005249, 2.3759305477142334, 2.3784291744232178, 2.380927801132202, 2.3834264278411865, 2.385925054550171, 2.3884236812591553, 2.3909223079681396, 2.393420934677124, 2.3959195613861084, 2.3984181880950928, 2.400916814804077, 2.4034154415130615, 2.405914068222046, 2.4084126949310303, 2.4109113216400146, 2.413410186767578, 2.4159088134765625, 2.418407440185547, 2.4209060668945312, 2.4234046936035156, 2.4259033203125, 2.4284019470214844, 2.4309005737304688, 2.433399200439453, 2.4358978271484375, 2.438396453857422, 2.4408950805664062, 2.4433937072753906, 2.445892333984375, 2.4483909606933594, 2.4508895874023438, 2.453388214111328]}, "train_loss_safe": 0.08945439755916595, "train_loss_unsafe": 0.13821132481098175, "train_loss_grad": 0.00841019582003355, "train_loss_cql": 0.00016784049512352794, "train_dynamics_loss": 0.014093105681240559, "train_cbf_loss": 0.23624375868530478, "train_total_loss": 0.25033686436654534, "train_avg_safe_B": 0.01054560299962759, "train_avg_unsafe_B": -0.043683599680662155, "train_safe_acc": 0.6754385828971863, "train_unsafe_acc": 0.9285714030265808, "step": 800, "val_loss_safe": 0.0876147534698248, "val_loss_unsafe": 0.1426783487200737, "val_loss_grad": 0.009035561862401665, "val_loss_cql": 0.0001678364809777122, "val_cbf_loss": 0.2394965005332779, "val_avg_safe_B": 0.01238524834625423, "val_avg_unsafe_B": -0.04024742846377194, "val_safe_acc": 0.7069582223892212, "val_unsafe_acc": 0.8113787919282913, "val_total_loss": 0.2609849314430903, "val_dynamics_loss": 0.02148843090981245, "_wandb": {"runtime": 227}}