{"loss_lip": 0.047181062400341034, "_timestamp": 1742599842.708249, "_runtime": 2837.3119361400604, "_step": 27976, "train_loss_safe": 0.003208956914022565, "train_loss_unsafe": 0.06535567343235016, "train_loss_grad": 0.12538853287696838, "train_loss_cql": 0.0, "train_dynamics_loss": 0.004459317773580551, "train_cbf_loss": 0.1939531632233411, "train_total_loss": 0.19841248099692166, "train_avg_safe_B": 0.4552156925201416, "train_avg_unsafe_B": -0.3052041828632355, "train_safe_acc": 0.9829059839248657, "train_unsafe_acc": 0.8636363744735718, "step": 13515, "val_loss_safe": 0.004456368123646826, "val_loss_unsafe": 0.0633418333134614, "val_loss_grad": 0.1414081085473299, "val_loss_cql": 0.0, "val_cbf_loss": 0.20920630998443812, "val_avg_safe_B": 0.4458813741803169, "val_avg_unsafe_B": -0.2795791931450367, "val_safe_acc": 0.9775231599807739, "val_unsafe_acc": 0.8882696956396103, "val_total_loss": 0.21475075765047222, "val_dynamics_loss": 0.005544447666034102, "_wandb": {"runtime": 2842}}