{"train_loss_safe": 0.05908636748790741, "train_loss_unsafe": 0.03128878027200699, "train_loss_grad": 0.6090603470802307, "train_dynamics_loss": 0.5962274670600891, "train_cbf_loss": 0.6994354948401451, "train_total_loss": 1.2956629619002342, "train_avg_safe_B": 0.3516165614128113, "train_avg_unsafe_B": -0.09809820353984833, "train_safe_acc": 0.6280992031097412, "train_unsafe_acc": 1.0, "step": 5216, "_timestamp": 1740457026.61123, "_runtime": 1603.6048247814178, "_step": 5243, "val_loss_safe": 0.04897504504770041, "val_loss_unsafe": 0.14410409852862358, "val_loss_grad": 0.5046296015381813, "val_cbf_loss": 0.6977087451145052, "val_avg_safe_B": 0.33361148834228516, "val_avg_unsafe_B": 0.02391614399384707, "val_safe_acc": 0.6593953251838685, "val_unsafe_acc": 0.6553769901394844, "val_total_loss": 1.2909054471179842, "val_dynamics_loss": 0.593196702003479, "_wandb": {"runtime": 1603}}