{"loss_lip": 0.06535867601633072, "_timestamp": 1742599829.641889, "_runtime": 2833.148323059082, "_step": 28544, "train_loss_safe": 0.00013501507055480033, "train_loss_unsafe": 0.06656934320926666, "train_loss_grad": 0.252667099237442, "train_loss_cql": 0.0, "train_dynamics_loss": 0.015401439741253853, "train_cbf_loss": 0.3193714575172635, "train_total_loss": 0.33477289725851733, "train_avg_safe_B": 0.6834102869033813, "train_avg_unsafe_B": -0.6234921216964722, "train_safe_acc": 1.0, "train_unsafe_acc": 0.8703703880310059, "step": 13799, "val_loss_safe": 0.003083231461641844, "val_loss_unsafe": 0.07078492306172848, "val_loss_grad": 0.25782090425491333, "val_loss_cql": 0.0, "val_cbf_loss": 0.33168905877828364, "val_avg_safe_B": 0.6603737741708755, "val_avg_unsafe_B": -0.6349186390638352, "val_safe_acc": 0.9874418586492538, "val_unsafe_acc": 0.8604316145181656, "val_total_loss": 0.34877712840534514, "val_dynamics_loss": 0.017088069627061487, "_wandb": {"runtime": 2846}}