{"train_loss_safe": 0.003823788370937109, "train_loss_unsafe": 0.000554564583580941, "train_loss_grad": 0.04642171040177345, "train_dynamics_loss": 0.011925069615244865, "train_cbf_loss": 0.0508000633562915, "train_total_loss": 0.06272513297153637, "train_avg_safe_B": 0.9333034157752991, "train_avg_unsafe_B": -0.14223025739192963, "train_safe_acc": 0.982300877571106, "train_unsafe_acc": 1.0, "step": 9999, "_timestamp": 1740526639.845657, "_runtime": 2714.8432700634003, "_step": 10049, "val_loss_safe": 0.005554279324132949, "val_loss_unsafe": 0.037444109763600866, "val_loss_grad": 0.15681765396147967, "val_cbf_loss": 0.1998160430492135, "val_avg_safe_B": 0.9146255612373352, "val_avg_unsafe_B": -0.10224517807364464, "val_safe_acc": 0.9708905667066574, "val_unsafe_acc": 0.9350891262292862, "val_total_loss": 0.21288050746370574, "val_dynamics_loss": 0.01306446441449225, "_wandb": {"runtime": 2794}}