{"loss_lip": 0.03056674264371395, "_timestamp": 1740910880.453053, "_runtime": 139.42419505119324, "_step": 1881, "logsumexp_h": {"_type": "histogram", "values": [3, 3, 4, 8, 10, 16, 11, 4, 12, 4, 3, 1, 0, 0, 0, 0, 0, 0, 0, 0, 0, 0, 1, 1, 3, 2, 4, 1, 4, 10, 5, 6], "bins": [2.3869218826293945, 2.389021396636963, 2.3911211490631104, 2.3932206630706787, 2.395320177078247, 2.3974199295043945, 2.399519443511963, 2.4016189575195312, 2.4037187099456787, 2.405818223953247, 2.4079177379608154, 2.410017490386963, 2.4121170043945312, 2.4142165184020996, 2.416316270828247, 2.4184157848358154, 2.420515537261963, 2.4226150512695312, 2.4247145652770996, 2.426814317703247, 2.4289138317108154, 2.431013345718384, 2.4331130981445312, 2.4352126121520996, 2.437312126159668, 2.4394118785858154, 2.441511392593384, 2.443610906600952, 2.4457106590270996, 2.447810173034668, 2.4499096870422363, 2.452009439468384, 2.454108953475952]}, "train_loss_safe": 0.0880967527627945, "train_loss_unsafe": 0.14133264124393463, "train_loss_grad": 0.007043823134154081, "train_loss_cql": 0.00016781642625574023, "train_dynamics_loss": 0.04104818031191826, "train_cbf_loss": 0.23664103356713895, "train_total_loss": 0.2776892138790572, "train_avg_safe_B": 0.011903257109224796, "train_avg_unsafe_B": -0.04128258302807808, "train_safe_acc": 0.7844827771186829, "train_unsafe_acc": 0.9166666865348816, "step": 599, "val_loss_safe": 0.08838890604674816, "val_loss_unsafe": 0.16612175554037095, "val_loss_grad": 0.005638565961271524, "val_loss_cql": 0.0001678049717156682, "val_cbf_loss": 0.2603170325201063, "val_avg_safe_B": 0.011611096281558275, "val_avg_unsafe_B": -0.022214034502394498, "val_safe_acc": 0.8384822696447373, "val_unsafe_acc": 0.868990384042263, "val_total_loss": 0.29439013797455116, "val_dynamics_loss": 0.034073105454444884, "_wandb": {"runtime": 140}}