{"loss_lip": 0.00019288569455966353, "_timestamp": 1740859659.103371, "_runtime": 13.135607957839966, "_step": 0, "_wandb": {"runtime": 12}}