{"train_loss_safe": 0.026715539395809174, "train_loss_unsafe": 0.09037450700998306, "train_loss_grad": 0.7417123317718506, "train_loss_cql": 0.0, "train_dynamics_loss": 0.00014955911319702864, "train_cbf_loss": 0.8588023781776428, "train_total_loss": 0.8589519372908399, "train_avg_safe_B": 0.2269631326198578, "train_avg_unsafe_B": -0.3950127959251404, "train_safe_acc": 0.87890625, "train_unsafe_acc": 0.8877507448196411, "step": 14999, "_timestamp": 1744490989.155908, "_runtime": 7586.462738990784, "_step": 15049, "val_loss_safe": 0.024970417376607656, "val_loss_unsafe": 0.09608212485909462, "val_loss_grad": 0.5032790698111057, "val_loss_cql": 0.0, "val_cbf_loss": 0.624331612046808, "val_avg_safe_B": 0.2598231241106987, "val_avg_unsafe_B": -0.3891466408967972, "val_safe_acc": 0.8828264802694321, "val_unsafe_acc": 0.8843204587697983, "val_total_loss": 0.6247629304794827, "val_dynamics_loss": 0.00043131843267474324, "_wandb": {"runtime": 7666}}