{"train_loss": 1.076963186264038, "step": 0, "_timestamp": 1740270182.8805492, "_runtime": 71.73549127578735, "_step": 1, "eval_loss": 1.3931633591651917, "_wandb": {"runtime": 71}}