{"loss_lip": 0.05355071648955345, "_timestamp": 1741799081.5579069, "_runtime": 3600.7972218990326, "_step": 44295, "logsumexp_h": 3.354975938796997, "train_loss_safe": 0.0036460626870393753, "train_loss_unsafe": 0.0502207912504673, "train_loss_grad": 0.27448442578315735, "train_loss_cql": 0.11903351545333862, "train_dynamics_loss": 0.010267269797623158, "train_cbf_loss": 0.44738479517400265, "train_total_loss": 0.4576520649716258, "train_avg_safe_B": 0.4806281626224518, "train_avg_unsafe_B": -0.6893021464347839, "train_safe_acc": 0.9813953638076782, "train_unsafe_acc": 0.8780487775802612, "step": 13999, "val_loss_safe": 0.0033318381494609637, "val_loss_unsafe": 0.051489058136940005, "val_loss_grad": 0.16022847443819047, "val_loss_cql": 0.11886022426187992, "val_cbf_loss": 0.21504937072459143, "val_avg_safe_B": 0.49480874091386795, "val_avg_unsafe_B": -0.6331857085227967, "val_safe_acc": 0.985873419046402, "val_unsafe_acc": 0.8876733392477035, "val_total_loss": 0.23402115243661684, "val_dynamics_loss": 0.018971781712025404, "_wandb": {"runtime": 3680}}