{"train_loss_safe": 0.017476078122854233, "train_loss_unsafe": 0.12808777391910553, "train_loss_grad": 0.49998632073402405, "train_loss_cql": 0.0, "train_dynamics_loss": 0.0111350417137146, "train_cbf_loss": 0.6455501727759838, "train_total_loss": 0.6566852144896984, "train_avg_safe_B": 0.15942764282226562, "train_avg_unsafe_B": -0.11626173555850983, "train_safe_acc": 0.9173228144645691, "train_unsafe_acc": 0.6404995322227478, "step": 14999, "_timestamp": 1744521521.4971552, "_runtime": 3913.970509290695, "_step": 15049, "val_loss_safe": 0.016925688600167632, "val_loss_unsafe": 0.12480042017996311, "val_loss_grad": 0.30705114006996154, "val_loss_cql": 0.0, "val_cbf_loss": 0.4487772488500923, "val_avg_safe_B": 0.1757982663810253, "val_avg_unsafe_B": -0.12462924420833588, "val_safe_acc": 0.9258255749940872, "val_unsafe_acc": 0.6579678535461426, "val_total_loss": 0.4613948885817081, "val_dynamics_loss": 0.012617639731615782, "_wandb": {"runtime": 3993}}