{"train_loss_safe": 0.03874600678682327, "train_loss_unsafe": 0.2294158935546875, "train_loss_grad": 0.000507531629409641, "train_loss_cql": 0.0, "train_dynamics_loss": 0.14009873569011688, "train_cbf_loss": 0.2686694319709204, "train_total_loss": 0.4087681676610373, "train_avg_safe_B": 0.041253991425037384, "train_avg_unsafe_B": 0.04117988422513008, "train_safe_acc": 1.0, "train_unsafe_acc": 0.0, "step": 134, "_timestamp": 1744416529.3719912, "_runtime": 22.94367504119873, "_step": 134, "_wandb": {"runtime": 22}}