{"train_loss_safe": 0.010198598727583885, "train_loss_unsafe": 0.07172980159521103, "train_loss_grad": 0.0994221419095993, "train_loss_cql": 0.0, "train_dynamics_loss": 0.00024383366690017283, "train_cbf_loss": 0.18135054223239422, "train_total_loss": 0.1815943758992944, "train_avg_safe_B": 0.18182514607906342, "train_avg_unsafe_B": -0.2261081486940384, "train_safe_acc": 0.94921875, "train_unsafe_acc": 0.794358491897583, "step": 14999, "_timestamp": 1744512078.235937, "_runtime": 9738.41798210144, "_step": 15049, "val_loss_safe": 0.007196848909370601, "val_loss_unsafe": 0.0788408350199461, "val_loss_grad": 0.1659349987283349, "val_loss_cql": 0.0, "val_cbf_loss": 0.2519726826576516, "val_avg_safe_B": 0.18427122235298157, "val_avg_unsafe_B": -0.21351368874311447, "val_safe_acc": 0.9666425287723541, "val_unsafe_acc": 0.7669643342494965, "val_total_loss": 0.25235391075257213, "val_dynamics_loss": 0.000381228094920516, "_wandb": {"runtime": 9818}}