{"train_loss_safe": 0.16090159118175507, "train_loss_unsafe": 0.040911685675382614, "train_loss_grad": 0.10507450997829437, "train_avg_safe_B": -0.06090158969163895, "train_avg_unsafe_B": -0.07989651709794998, "train_total_loss": 0.30688778683543205, "train_safe_acc": 0.0, "train_unsafe_acc": 21.33333396911621, "step": 216, "_timestamp": 1740340482.500628, "_runtime": 130.55075693130493, "_step": 218, "val_loss_safe": 0.15406542986631394, "val_loss_unsafe": 0.05067599471658468, "val_loss_grad": 0.11279568880796433, "val_avg_safe_B": -0.05406542927026749, "val_avg_unsafe_B": -0.06686515800654888, "val_total_loss": 0.31753711339086294, "val_safe_acc": 0.0, "val_unsafe_acc": 5.12, "_wandb": {"runtime": 135}}