{"train_loss_safe": 0.012126033194363117, "train_loss_unsafe": 0.3040829002857208, "train_loss_grad": 0.029662244021892548, "train_dynamics_loss": 0.9034641981124878, "train_cbf_loss": 0.3458711775019765, "train_total_loss": 1.2493353756144643, "train_avg_safe_B": 0.09057901799678802, "train_avg_unsafe_B": 0.08390990644693375, "train_safe_acc": 1.0, "train_unsafe_acc": 0.0, "step": 138, "_timestamp": 1740446281.989876, "_runtime": 20.34135603904724, "_step": 138, "_wandb": {"runtime": 19}}