{"train_loss_safe": 0.01894749514758587, "train_loss_unsafe": 0.2532287836074829, "train_loss_grad": 0.0, "train_loss_cql": 0.0, "train_dynamics_loss": 0.33614492416381836, "train_cbf_loss": 0.2721762787550688, "train_total_loss": 0.6083212029188871, "train_avg_safe_B": 0.06105250492691994, "train_avg_unsafe_B": 0.06102396920323372, "train_safe_acc": 1.0, "train_unsafe_acc": 0.0, "step": 48, "_timestamp": 1744416592.0459409, "_runtime": 18.081016778945923, "_step": 48, "_wandb": {"runtime": 17}}