{"loss_lip": 0.1894538253545761, "_timestamp": 1740896519.255965, "_runtime": 1055.0714120864868, "_step": 6736, "train_loss_safe": 0.0, "train_loss_unsafe": 0.3189423978328705, "train_loss_grad": 3.7171895503997803, "train_loss_cql": 0.3766491413116455, "train_dynamics_loss": 0.09295208752155304, "train_cbf_loss": 4.036131948232651, "train_total_loss": 4.129084035754204, "train_avg_safe_B": 0.9115967154502869, "train_avg_unsafe_B": -0.06047767773270607, "train_safe_acc": 1.0, "train_unsafe_acc": 0.46666666865348816, "step": 3199, "val_loss_safe": 0.0005075449221294548, "val_loss_unsafe": 0.3831711411476135, "val_loss_grad": 4.077227938175201, "val_loss_cql": 0.38796346783638, "val_cbf_loss": 4.848870092081325, "val_avg_safe_B": 0.8909282237291336, "val_avg_unsafe_B": -0.05429437775164843, "val_safe_acc": 0.9991561025381088, "val_unsafe_acc": 0.5589266270399094, "val_total_loss": 4.941098668249743, "val_dynamics_loss": 0.09222857616841793, "_wandb": {"runtime": 1054}}