{"train_loss": 1.076963186264038, "step": 0, "_timestamp": 1740270296.1680698, "_runtime": 71.76972794532776, "_step": 1, "eval_loss": 1.3931633591651917, "_wandb": {"runtime": 71}}