{"loss_lip": 0.07953670620918274, "_timestamp": 1741769467.511231, "_runtime": 4126.269888877869, "_step": 44295, "logsumexp_h": 2.9537878036499023, "train_loss_safe": 0.009517761878669262, "train_loss_unsafe": 0.06201328709721565, "train_loss_grad": 0.2945135533809662, "train_loss_cql": 2.3052616119384766, "train_dynamics_loss": 0.010267269797623158, "train_cbf_loss": 2.6713062142953277, "train_total_loss": 2.681573484092951, "train_avg_safe_B": 0.6373220086097717, "train_avg_unsafe_B": -0.7424408793449402, "train_safe_acc": 0.9767441749572754, "train_unsafe_acc": 0.8780487775802612, "step": 13999, "val_loss_safe": 0.007951700210105628, "val_loss_unsafe": 0.053154716920107606, "val_loss_grad": 0.2516292788088322, "val_loss_cql": 2.308285391330719, "val_cbf_loss": 0.31273569593904543, "val_avg_safe_B": 0.660083994269371, "val_avg_unsafe_B": -0.7129221677780151, "val_safe_acc": 0.9731001734733582, "val_unsafe_acc": 0.8950754642486572, "val_total_loss": 0.33170747765107084, "val_dynamics_loss": 0.018971781712025404, "_wandb": {"runtime": 4205}}