{"train_loss_safe": 0.12205716222524643, "train_loss_unsafe": 0.1702290028333664, "train_loss_grad": 0.07207254320383072, "train_dynamics_loss": 0.979674220085144, "train_cbf_loss": 0.36435870826244354, "train_total_loss": 1.3440329283475876, "train_avg_safe_B": -0.022057155147194862, "train_avg_unsafe_B": -0.019054610282182693, "train_safe_acc": 0.0, "train_unsafe_acc": 1.0, "step": 0, "_timestamp": 1740450729.644387, "_runtime": 31.609407901763916, "_step": 1, "val_loss_safe": 0.11866494193673134, "val_loss_unsafe": 0.17050840333104134, "val_loss_grad": 0.06864123716950417, "val_cbf_loss": 0.3578145824372768, "val_avg_safe_B": -0.018664940539747477, "val_avg_unsafe_B": -0.01883969116024673, "val_safe_acc": 0.0, "val_unsafe_acc": 1.0, "val_total_loss": 1.4975599311292171, "val_dynamics_loss": 1.1397453486919402, "_wandb": {"runtime": 71}}