{"train_loss_safe": 0.06931769847869873, "train_loss_unsafe": 0.06853099912405014, "train_loss_grad": 0.045837901532649994, "train_avg_safe_B": 0.051586516201496124, "train_avg_unsafe_B": -0.06698484718799591, "train_total_loss": 0.18368659913539886, "train_safe_acc": 0.6626016497612, "train_unsafe_acc": 1.0, "step": 4616, "_timestamp": 1740347204.5683231, "_runtime": 1350.7467172145844, "_step": 4640, "val_loss_safe": 0.07396633043885231, "val_loss_unsafe": 0.09355245985090732, "val_loss_grad": 0.05114902749657631, "val_avg_safe_B": 0.046279029324650764, "val_avg_unsafe_B": -0.0423514593206346, "val_total_loss": 0.21866781778633593, "val_safe_acc": 0.6361926198005676, "val_unsafe_acc": 0.7589653438329697, "_wandb": {"runtime": 1350}}