{"train_loss_safe": 0.0037867105565965176, "train_loss_unsafe": 0.0, "train_loss_grad": 0.21276064217090607, "train_dynamics_loss": 0.014479500241577625, "train_cbf_loss": 0.21654735272750258, "train_total_loss": 0.2310268529690802, "train_avg_safe_B": 0.798432469367981, "train_avg_unsafe_B": -0.3733309209346771, "train_safe_acc": 0.9734513163566589, "train_unsafe_acc": 1.0, "step": 9999, "_timestamp": 1740518027.035403, "_runtime": 2793.390963077545, "_step": 10049, "val_loss_safe": 0.006847222184296698, "val_loss_unsafe": 0.027950387436430902, "val_loss_grad": 0.12691499935463071, "val_cbf_loss": 0.16171260897535833, "val_avg_safe_B": 0.7777579963207245, "val_avg_unsafe_B": -0.30662657171487806, "val_safe_acc": 0.964016604423523, "val_unsafe_acc": 0.9406446814537048, "val_total_loss": 0.16906620151130486, "val_dynamics_loss": 0.007353592535946518, "_wandb": {"runtime": 2873}}