{"loss_lip": 0.01598784700036049, "_timestamp": 1740978752.95197, "_runtime": 3421.970866203308, "_step": 44295, "logsumexp_h": 2.5379933629717146, "train_loss_safe": 0.01503613218665123, "train_loss_unsafe": 0.010875532403588295, "train_loss_grad": 0.03932998701930046, "train_loss_cql": 0.016819430515170097, "train_dynamics_loss": 0.006633870769292116, "train_cbf_loss": 0.08206108212471008, "train_total_loss": 0.0886949528940022, "train_avg_safe_B": 0.08483434468507767, "train_avg_unsafe_B": -0.21385134756565094, "train_safe_acc": 0.9327731132507324, "train_unsafe_acc": 1.0, "step": 13999, "val_loss_safe": 0.007049945264589042, "val_loss_unsafe": 0.03453997067408636, "val_loss_grad": 0.053390197455883026, "val_loss_cql": 0.01673248140141368, "val_cbf_loss": 0.11171259479597209, "val_avg_safe_B": 0.09698182716965675, "val_avg_unsafe_B": -0.18330351114273072, "val_safe_acc": 0.9676120072603226, "val_unsafe_acc": 0.9075319111347199, "val_total_loss": 0.12041653082706033, "val_dynamics_loss": 0.008703936031088233, "_wandb": {"runtime": 3501}}