{"train_loss_safe": 0.019182592630386353, "train_loss_unsafe": 0.09846937656402588, "train_loss_grad": 0.23713615536689758, "train_loss_cql": 0.0, "train_dynamics_loss": 0.00022352034284267575, "train_cbf_loss": 0.3547881245613098, "train_total_loss": 0.3550116449041525, "train_avg_safe_B": 0.11956606060266495, "train_avg_unsafe_B": -0.16929972171783447, "train_safe_acc": 0.913385808467865, "train_unsafe_acc": 0.7172324657440186, "step": 14999, "_timestamp": 1744440381.8696902, "_runtime": 3883.802793264389, "_step": 15049, "val_loss_safe": 0.01607893342152238, "val_loss_unsafe": 0.09835232086479664, "val_loss_grad": 0.1532694324851036, "val_loss_cql": 0.0, "val_cbf_loss": 0.2677006867714226, "val_avg_safe_B": 0.11847736798226834, "val_avg_unsafe_B": -0.1692598581314087, "val_safe_acc": 0.9269394606351853, "val_unsafe_acc": 0.7125294417142868, "val_total_loss": 0.268043351873348, "val_dynamics_loss": 0.0003426651019253768, "_wandb": {"runtime": 3963}}