{"train_loss_safe": 0.06846000254154205, "train_loss_unsafe": 0.030016057193279266, "train_loss_grad": 0.07431220263242722, "train_avg_safe_B": -0.0008007353753782809, "train_avg_unsafe_B": -0.09856428951025009, "train_total_loss": 0.17278826236724854, "step": 9999, "_timestamp": 1740289043.392111, "_runtime": 7632.005131006241, "_step": 10099, "val_loss_safe": 0.037881624102592465, "val_loss_unsafe": 0.09122170471586287, "val_loss_grad": 0.04292088061571121, "val_avg_safe_B": 0.054823749512434, "val_avg_unsafe_B": -0.0514896740950644, "val_total_loss": 0.17202420943416652, "_wandb": {"runtime": 7671}}