{"loss_lip": 0.010338821448385715, "_timestamp": 1741749458.274713, "_runtime": 482.944020986557, "_step": 5541, "logsumexp_h": 2.4803119046347484, "train_loss_safe": 0.02418714389204979, "train_loss_unsafe": 0.07953996956348419, "train_loss_grad": 0.012716498225927353, "train_loss_cql": 1.6803663969039917, "train_dynamics_loss": 0.1722978949546814, "train_cbf_loss": 1.796810008585453, "train_total_loss": 1.9691079035401344, "train_avg_safe_B": 0.058525148779153824, "train_avg_unsafe_B": -0.08492902666330338, "train_safe_acc": 0.918552041053772, "train_unsafe_acc": 0.800000011920929, "step": 1750, "val_loss_safe": 0.0232480313628912, "val_loss_unsafe": 0.09591466672718525, "val_loss_grad": 0.013175350753590465, "val_loss_cql": 1.6788859009742736, "val_cbf_loss": 0.13233804884366693, "val_avg_safe_B": 0.059648383781313895, "val_avg_unsafe_B": -0.072585129737854, "val_safe_acc": 0.9022010415792465, "val_unsafe_acc": 0.7536131978034973, "val_total_loss": 0.25358833889476956, "val_dynamics_loss": 0.12125029005110263, "_wandb": {"runtime": 482}}