{"train_loss_safe": 0.010383114218711853, "train_loss_unsafe": 0.26338592171669006, "train_loss_grad": 0.0, "train_loss_cql": 0.0, "train_dynamics_loss": 0.28486114740371704, "train_cbf_loss": 0.2737690359354019, "train_total_loss": 0.558630183339119, "train_avg_safe_B": 0.06962854415178299, "train_avg_unsafe_B": 0.06948824226856232, "train_safe_acc": 1.0, "train_unsafe_acc": 0.0, "step": 8, "_timestamp": 1744416457.85962, "_runtime": 13.565834999084473, "_step": 8, "_wandb": {"runtime": 13}}