{"train_loss_safe": 0.005507218651473522, "train_loss_unsafe": 0.0884258821606636, "train_loss_grad": 0.2598575949668884, "train_loss_cql": 0.0, "train_dynamics_loss": 0.0111350417137146, "train_cbf_loss": 0.35379069577902555, "train_total_loss": 0.36492573749274015, "train_avg_safe_B": 0.2059556543827057, "train_avg_unsafe_B": -0.20977315306663513, "train_safe_acc": 0.9724409580230713, "train_unsafe_acc": 0.7628524303436279, "step": 14999, "_timestamp": 1744521847.621506, "_runtime": 4224.467652082443, "_step": 15049, "val_loss_safe": 0.009007621672935784, "val_loss_unsafe": 0.07879553698003292, "val_loss_grad": 0.1867201067507267, "val_loss_cql": 0.0, "val_cbf_loss": 0.2745232654036954, "val_avg_safe_B": 0.2101132184267044, "val_avg_unsafe_B": -0.23389148190617562, "val_safe_acc": 0.9610427290201187, "val_unsafe_acc": 0.8029211014509201, "val_total_loss": 0.2871409051353112, "val_dynamics_loss": 0.012617639731615782, "_wandb": {"runtime": 4304}}