{"train_loss_safe": 0.24924960732460022, "train_loss_unsafe": 0.01597992144525051, "train_loss_grad": 0.24815423786640167, "train_avg_safe_B": -0.19924959540367126, "train_avg_unsafe_B": -0.2079288363456726, "train_total_loss": 0.5133837666362524, "step": 207, "_timestamp": 1740280947.81911, "_runtime": 162.49029397964478, "_step": 210, "val_loss_safe": 0.2348671980202198, "val_loss_unsafe": 0.023554512439295648, "val_loss_grad": 0.23548773303627968, "val_avg_safe_B": -0.18486720085144043, "val_avg_unsafe_B": -0.190434550344944, "val_total_loss": 0.49390944349579513, "_wandb": {"runtime": 162}}