{"loss_lip": 0.057264186441898346, "_timestamp": 1742602899.841322, "_runtime": 2949.999572992325, "_step": 31049, "train_loss_safe": 0.0027223415672779083, "train_loss_unsafe": 0.12369722872972488, "train_loss_grad": 0.34366580843925476, "train_loss_cql": 0.0, "train_dynamics_loss": 0.04672877490520477, "train_cbf_loss": 0.47008537873625755, "train_total_loss": 0.5168141536414623, "train_avg_safe_B": 0.6906821727752686, "train_avg_unsafe_B": -0.5106313824653625, "train_safe_acc": 0.9900497794151306, "train_unsafe_acc": 0.7636363506317139, "step": 14999, "val_loss_safe": 0.0030692507163621483, "val_loss_unsafe": 0.06757085304707289, "val_loss_grad": 0.23080685809254647, "val_loss_cql": 0.0, "val_cbf_loss": 0.3014469618559815, "val_avg_safe_B": 0.6822930634021759, "val_avg_unsafe_B": -0.6669037520885468, "val_safe_acc": 0.9878707587718963, "val_unsafe_acc": 0.8738103717565536, "val_total_loss": 0.31753256666706875, "val_dynamics_loss": 0.01608560481108725, "_wandb": {"runtime": 3029}}