{"train_loss_safe": 0.003321366384625435, "train_loss_unsafe": 0.03798268362879753, "train_loss_grad": 1.2278128862380981, "train_dynamics_loss": 0.009865297935903072, "train_cbf_loss": 1.269116936251521, "train_total_loss": 1.2789822341874242, "train_avg_safe_B": 0.7021705508232117, "train_avg_unsafe_B": -0.5044959783554077, "train_safe_acc": 0.9826086759567261, "train_unsafe_acc": 0.9230769276618958, "step": 7615, "_timestamp": 1740552596.226253, "_runtime": 2032.7220721244812, "_step": 7653, "val_loss_safe": 0.0058696080202935265, "val_loss_unsafe": 0.07277912413701415, "val_loss_grad": 0.8700704276561737, "val_cbf_loss": 0.9487191598134814, "val_avg_safe_B": 0.6881343066692353, "val_avg_unsafe_B": -0.4944514878094196, "val_safe_acc": 0.9592811524868011, "val_unsafe_acc": 0.8854529589414597, "val_total_loss": 0.9653786289709387, "val_dynamics_loss": 0.016659469157457352, "_wandb": {"runtime": 2037}}