{"train_loss_safe": 0.14566150307655334, "train_loss_unsafe": 0.1811210811138153, "train_loss_grad": 0.16599777340888977, "train_avg_safe_B": -0.025661500170826912, "train_avg_unsafe_B": -0.019377170130610466, "train_total_loss": 0.4927803575992584, "train_safe_acc": 0.18297871947288513, "train_unsafe_acc": 10.142857551574707, "step": 0, "_timestamp": 1740342143.8955688, "_runtime": 15.671618938446045, "_step": 0, "_wandb": {"runtime": 35}}