{"loss_lip": 0.004651049617677927, "_timestamp": 1741749369.9057689, "_runtime": 149.61270594596863, "_step": 1629, "logsumexp_h": 2.4581589017595564, "train_loss_safe": 0.03580060601234436, "train_loss_unsafe": 0.2099490910768509, "train_loss_grad": 0.03548284247517586, "train_loss_cql": 1.6763511896133423, "train_dynamics_loss": 0.28484055399894714, "train_cbf_loss": 1.9575837291777134, "train_total_loss": 2.2424242831766605, "train_avg_safe_B": 0.04436006024479866, "train_avg_unsafe_B": 0.024957571178674698, "train_safe_acc": 0.990338146686554, "train_unsafe_acc": 0.2448979616165161, "step": 515, "val_loss_safe": 0.03767528533935547, "val_loss_unsafe": 0.20840001106262207, "val_loss_grad": 0.02743428824469447, "val_loss_cql": 1.6764016330242157, "val_cbf_loss": 0.273509584646672, "val_avg_safe_B": 0.04237724933773279, "val_avg_unsafe_B": 0.023666660720482468, "val_safe_acc": 0.9874971836805344, "val_unsafe_acc": 0.23108983486890794, "val_total_loss": 0.579215173702687, "val_dynamics_loss": 0.305705589056015, "_wandb": {"runtime": 149}}