{"train_loss_safe": 0.12843118607997894, "train_loss_unsafe": 0.0468447245657444, "train_loss_grad": 0.0033037406392395496, "train_dynamics_loss": 0.7472052574157715, "train_cbf_loss": 0.1785796512849629, "train_total_loss": 0.9257849087007344, "train_avg_safe_B": -0.024383893236517906, "train_avg_unsafe_B": -0.11396560072898865, "train_safe_acc": 0.3968254029750824, "train_unsafe_acc": 1.0, "step": 416, "_timestamp": 1740450626.5185978, "_runtime": 153.22173285484314, "_step": 419, "val_loss_safe": 0.14576320424675943, "val_loss_unsafe": 0.06957080233842135, "val_loss_grad": 0.00392200750484335, "val_cbf_loss": 0.2192560140900241, "val_avg_safe_B": -0.04274334665387869, "val_avg_unsafe_B": -0.10430124582489952, "val_safe_acc": 0.3013509564101696, "val_unsafe_acc": 0.9045238122344017, "val_total_loss": 0.9461134229712116, "val_dynamics_loss": 0.7268574088811874, "_wandb": {"runtime": 157}}