{"train_loss_safe": 0.017210135236382484, "train_loss_unsafe": 0.062089137732982635, "train_loss_grad": 0.1682814061641693, "train_loss_cql": 0.0, "train_dynamics_loss": 0.00022352034284267575, "train_cbf_loss": 0.24758067913353443, "train_total_loss": 0.2478041994763771, "train_avg_safe_B": 0.12639418244361877, "train_avg_unsafe_B": -0.2595103979110718, "train_safe_acc": 0.9173228144645691, "train_unsafe_acc": 0.8333333134651184, "step": 14999, "_timestamp": 1744409988.0191512, "_runtime": 3446.4687991142273, "_step": 15049, "val_loss_safe": 0.012695804750546814, "val_loss_unsafe": 0.05850985590368509, "val_loss_grad": 0.12476365603506565, "val_loss_cql": 0.0, "val_cbf_loss": 0.19596931668929757, "val_avg_safe_B": 0.12968255393207073, "val_avg_unsafe_B": -0.26622904613614085, "val_safe_acc": 0.9401768624782563, "val_unsafe_acc": 0.8457909733057022, "val_total_loss": 0.19634523094864564, "val_dynamics_loss": 0.00037591425934806465, "_wandb": {"runtime": 3526}}