{"loss_lip": 0.02326592616736889, "_timestamp": 1741817587.5375612, "_runtime": 3828.8907022476196, "_step": 44295, "logsumexp_h": 2.552351236343384, "train_loss_safe": 0.005428344942629337, "train_loss_unsafe": 0.04811476916074753, "train_loss_grad": 0.078473299741745, "train_loss_cql": 0.2376171350479126, "train_dynamics_loss": 0.007079379633069038, "train_cbf_loss": 0.36963354889303446, "train_total_loss": 0.3767129285261035, "train_avg_safe_B": 0.17616431415081024, "train_avg_unsafe_B": -0.15109208226203918, "train_safe_acc": 0.969565212726593, "train_unsafe_acc": 0.8846153616905212, "step": 13999, "val_loss_safe": 0.006058886728715152, "val_loss_unsafe": 0.036904353415593505, "val_loss_grad": 0.058814616221934554, "val_loss_cql": 0.23789066821336746, "val_cbf_loss": 0.1017778563662432, "val_avg_safe_B": 0.17282829731702803, "val_avg_unsafe_B": -0.1695127971470356, "val_safe_acc": 0.9691530555486679, "val_unsafe_acc": 0.8940259933471679, "val_total_loss": 0.10672020454658195, "val_dynamics_loss": 0.0049423481803387405, "_wandb": {"runtime": 3908}}