{"loss_lip": 0.029619334265589714, "_timestamp": 1741761015.626015, "_runtime": 4045.7078399658203, "_step": 44295, "logsumexp_h": 2.3962671416146417, "train_loss_safe": 0.04132651537656784, "train_loss_unsafe": 0.020307255908846855, "train_loss_grad": 0.1421089470386505, "train_loss_cql": 1.6334770917892456, "train_dynamics_loss": 0.010267269797623158, "train_cbf_loss": 1.8372198101133108, "train_total_loss": 1.847487079910934, "train_avg_safe_B": 0.041023045778274536, "train_avg_unsafe_B": -0.6340287327766418, "train_safe_acc": 0.8279069662094116, "train_unsafe_acc": 0.9512194991111755, "step": 13999, "val_loss_safe": 0.037270110566169024, "val_loss_unsafe": 0.01466915758792311, "val_loss_grad": 0.12167947590351105, "val_loss_cql": 1.636880588531494, "val_cbf_loss": 0.1736187440576032, "val_avg_safe_B": 0.04461216945201159, "val_avg_unsafe_B": -0.5992098271846771, "val_safe_acc": 0.8484236419200897, "val_unsafe_acc": 0.974420565366745, "val_total_loss": 0.1925905257696286, "val_dynamics_loss": 0.018971781712025404, "_wandb": {"runtime": 4125}}