{"train_loss_safe": 0.015861166641116142, "train_loss_unsafe": 0.0016379326116293669, "train_loss_grad": 0.11352723091840744, "train_dynamics_loss": 0.005606987047940493, "train_cbf_loss": 0.13102633017115295, "train_total_loss": 0.13663331721909344, "train_avg_safe_B": 0.4436037540435791, "train_avg_unsafe_B": -0.5730333924293518, "train_safe_acc": 0.9734513163566589, "train_unsafe_acc": 1.0, "step": 9999, "_timestamp": 1740522874.1899798, "_runtime": 2735.786342859268, "_step": 10049, "val_loss_safe": 0.022684930171817542, "val_loss_unsafe": 0.03882136455795262, "val_loss_grad": 0.1681010965257883, "val_cbf_loss": 0.22960739125555846, "val_avg_safe_B": 0.4405692726373672, "val_avg_unsafe_B": -0.5063337162137032, "val_safe_acc": 0.9654511004686356, "val_unsafe_acc": 0.9115462601184845, "val_total_loss": 0.23724579093104692, "val_dynamics_loss": 0.007638399675488472, "_wandb": {"runtime": 2815}}