{"train_loss": 1.2036702632904053, "step": 0, "_timestamp": 1740094837.582019, "_runtime": 16.50157618522644, "_step": 0, "_wandb": {"runtime": 30}}