{"train_loss_safe": 0.17098242044448853, "train_loss_unsafe": 0.08789224922657013, "train_loss_grad": 0.10571495443582535, "train_avg_safe_B": -0.050982434302568436, "train_avg_unsafe_B": -0.07117097079753876, "train_total_loss": 0.364589624106884, "train_safe_acc": 0.0, "train_unsafe_acc": 25.600000381469727, "step": 57, "_timestamp": 1740342452.101205, "_runtime": 81.20510506629944, "_step": 58, "val_loss_safe": 0.15257386445999147, "val_loss_unsafe": 0.14625762403011322, "val_loss_grad": 0.16218894481658935, "val_avg_safe_B": -0.032573867812752726, "val_avg_unsafe_B": -0.03154575979337096, "val_total_loss": 0.461020433306694, "val_safe_acc": 0.005039370059967041, "val_unsafe_acc": 4.48, "_wandb": {"runtime": 80}}