{"train_loss_safe": 0.04584763944149017, "train_loss_unsafe": 0.2641197443008423, "train_loss_grad": 0.002643618965521455, "train_avg_safe_B": 0.054152362048625946, "train_avg_unsafe_B": 0.05316904932260513, "train_total_loss": 0.3126110027078539, "train_safe_acc": 1.0, "train_unsafe_acc": 0.0, "step": 208, "_timestamp": 1740439701.5229068, "_runtime": 122.21591377258301, "_step": 210, "val_loss_safe": 0.0463167067617178, "val_loss_unsafe": 0.26350079774856566, "val_loss_grad": 0.0027146304375492035, "val_avg_safe_B": 0.05368329398334026, "val_avg_unsafe_B": 0.05269292499870062, "val_total_loss": 0.31253213494783266, "val_safe_acc": 1.0, "val_unsafe_acc": 0.0, "_wandb": {"runtime": 121}}