{"train_loss_safe": 0.006248465273529291, "train_loss_unsafe": 0.0583035834133625, "train_loss_grad": 0.07746662199497223, "train_loss_cql": 0.0, "train_dynamics_loss": 0.0015535115962848067, "train_cbf_loss": 0.14201867068186402, "train_total_loss": 0.14357218227814883, "train_avg_safe_B": 0.15581732988357544, "train_avg_unsafe_B": -0.11758390069007874, "train_safe_acc": 0.9662446975708008, "train_unsafe_acc": 0.7894737124443054, "step": 14999, "_timestamp": 1744405810.155659, "_runtime": 3200.7974128723145, "_step": 14999, "val_loss_safe": 0.0062129329075105485, "val_loss_unsafe": 0.03636646453087451, "val_loss_grad": 0.06210174430161715, "val_loss_cql": 0.0, "val_cbf_loss": 0.1046811417400022, "val_avg_safe_B": 0.1520853728055954, "val_avg_unsafe_B": -0.14454358927905558, "val_safe_acc": 0.9700376927852631, "val_unsafe_acc": 0.8951264500617981, "val_total_loss": 0.10967120412533404, "val_dynamics_loss": 0.004990062385331839, "_wandb": {"runtime": 3280}}