{"loss_lip": 0.0006681161466985941, "_timestamp": 1740895408.192828, "_runtime": 11.207329988479614, "_step": 0, "_wandb": {"runtime": 10}}