{"train_loss_safe": 0.0014833572786301374, "train_loss_unsafe": 0.02942628040909767, "train_loss_grad": 0.22984425723552704, "train_dynamics_loss": 0.011925069615244865, "train_cbf_loss": 0.26075389492325485, "train_total_loss": 0.2726789645384997, "train_avg_safe_B": 0.8473717570304871, "train_avg_unsafe_B": -0.3748828172683716, "train_safe_acc": 0.982300877571106, "train_unsafe_acc": 0.9333333373069763, "step": 9999, "_timestamp": 1740543069.194965, "_runtime": 2664.3703348636627, "_step": 10049, "val_loss_safe": 0.0022436581901274623, "val_loss_unsafe": 0.05654931549797766, "val_loss_grad": 0.15978071731515228, "val_cbf_loss": 0.2185736910032574, "val_avg_safe_B": 0.8494448095560074, "val_avg_unsafe_B": -0.25889704916626216, "val_safe_acc": 0.9802670240402221, "val_unsafe_acc": 0.8985888302326203, "val_total_loss": 0.23163815541774965, "val_dynamics_loss": 0.01306446441449225, "_wandb": {"runtime": 2744}}