{"loss_lip": 0.021208198741078377, "_timestamp": 1741809400.526067, "_runtime": 4006.0183560848236, "_step": 44295, "logsumexp_h": 2.563229969569615, "train_loss_safe": 0.007176131941378117, "train_loss_unsafe": 0.04766692593693733, "train_loss_grad": 0.07706071436405182, "train_loss_cql": 0.16602669656276703, "train_dynamics_loss": 0.007079379633069038, "train_cbf_loss": 0.2979304688051343, "train_total_loss": 0.30500984843820333, "train_avg_safe_B": 0.1333611011505127, "train_avg_unsafe_B": -0.1588016301393509, "train_safe_acc": 0.95652174949646, "train_unsafe_acc": 0.8846153616905212, "step": 13999, "val_loss_safe": 0.007520800817292184, "val_loss_unsafe": 0.032574504846706986, "val_loss_grad": 0.0661837151274085, "val_loss_cql": 0.16635157614946366, "val_cbf_loss": 0.10627902079140768, "val_avg_safe_B": 0.13096243739128113, "val_avg_unsafe_B": -0.17758104130625724, "val_safe_acc": 0.9637836366891861, "val_unsafe_acc": 0.8987409025430679, "val_total_loss": 0.11122136897174642, "val_dynamics_loss": 0.0049423481803387405, "_wandb": {"runtime": 4085}}