{"train_loss_safe": 0.11419926583766937, "train_loss_unsafe": 0.5317829847335815, "train_loss_grad": 0.10882477462291718, "train_loss_cql": 0.0, "train_dynamics_loss": 0.32381299138069153, "train_cbf_loss": 0.7548070251941681, "train_total_loss": 1.0786200165748596, "train_avg_safe_B": -0.03419926390051842, "train_avg_unsafe_B": -0.034108519554138184, "train_safe_acc": 0.0, "train_unsafe_acc": 1.0, "step": 18, "_timestamp": 1744580929.470391, "_runtime": 13.39008092880249, "_step": 18, "_wandb": {"runtime": 13}}