{"train_loss_safe": 0.15746872127056122, "train_loss_unsafe": 0.09057431668043137, "train_loss_grad": 0.009008510038256645, "train_dynamics_loss": 0.793674886226654, "train_cbf_loss": 0.25705154798924923, "train_total_loss": 1.0507264342159033, "train_avg_safe_B": -0.05671239271759987, "train_avg_unsafe_B": -0.08543761074542999, "train_safe_acc": 0.23966942727565765, "train_unsafe_acc": 0.8571428656578064, "step": 400, "_timestamp": 1740449808.29865, "_runtime": 134.1461250782013, "_step": 402, "val_loss_safe": 0.14680564180016517, "val_loss_unsafe": 0.1217862855643034, "val_loss_grad": 0.007578989956527948, "val_cbf_loss": 0.2761709173209965, "val_avg_safe_B": -0.04679733086377382, "val_avg_unsafe_B": -0.056370727501052896, "val_safe_acc": 0.22752879336476325, "val_unsafe_acc": 0.8585894703865051, "val_total_loss": 1.0957008411176503, "val_dynamics_loss": 0.8195299237966538, "_wandb": {"runtime": 166}}