{"train_loss_safe": 0.045282069593667984, "train_loss_unsafe": 0.18376588821411133, "train_loss_grad": 0.0, "train_dynamics_loss": 0.032358601689338684, "train_cbf_loss": 0.2290479578077793, "train_total_loss": 0.261406559497118, "train_avg_safe_B": 0.054717931896448135, "train_avg_unsafe_B": 0.053138233721256256, "train_safe_acc": 1.0, "train_unsafe_acc": 0.0, "train_loss_lip": 1.3969792007628712e-06, "step": 399, "_timestamp": 1740597407.0217128, "_runtime": 69.1681227684021, "_step": 400, "val_loss_safe": 0.040232233703136444, "val_loss_unsafe": 0.18278788924217224, "val_loss_grad": 0.0, "val_cbf_loss": 0.22302082689665212, "val_avg_safe_B": 0.05976776760071516, "val_avg_unsafe_B": 0.052323232777416705, "val_safe_acc": 1.0, "val_unsafe_acc": 0.0, "val_total_loss": 0.2789846640657629, "val_loss_lip": 7.039513434392575e-07, "val_dynamics_loss": 0.055963837169110776, "_wandb": {"runtime": 76}}