{"train_loss_safe": 0.004139663185924292, "train_loss_unsafe": 0.03574076294898987, "train_loss_grad": 0.04469733312726021, "train_loss_cql": 0.0, "train_dynamics_loss": 0.002850565128028393, "train_cbf_loss": 0.08457775926217437, "train_total_loss": 0.08742832439020276, "train_avg_safe_B": 0.18636833131313324, "train_avg_unsafe_B": -0.12581269443035126, "train_safe_acc": 0.9785407781600952, "train_unsafe_acc": 0.8695651888847351, "step": 36299, "_timestamp": 1741853975.525064, "_runtime": 6781.220174074173, "_step": 75119}