{"train_loss_safe": 0.010630065575242043, "train_loss_unsafe": 0.0766790434718132, "train_loss_grad": 0.10691525787115097, "train_loss_cql": 0.0, "train_dynamics_loss": 0.00024383366690017283, "train_cbf_loss": 0.19422436691820621, "train_total_loss": 0.1944682005851064, "train_avg_safe_B": 0.1739991456270218, "train_avg_unsafe_B": -0.2175019234418869, "train_safe_acc": 0.94921875, "train_unsafe_acc": 0.7713722586631775, "step": 14999, "_timestamp": 1744491824.199889, "_runtime": 10273.279898881912, "_step": 15049, "val_loss_safe": 0.007937018992379308, "val_loss_unsafe": 0.08256189823150635, "val_loss_grad": 0.14814514499157666, "val_loss_cql": 0.0, "val_cbf_loss": 0.2386440622154623, "val_avg_safe_B": 0.16783258616924285, "val_avg_unsafe_B": -0.2007650040090084, "val_safe_acc": 0.9644019871950149, "val_unsafe_acc": 0.7499293416738511, "val_total_loss": 0.2390250453761837, "val_dynamics_loss": 0.00038098316072137094, "_wandb": {"runtime": 10353}}