{"loss_lip": 0.05422987788915634, "_timestamp": 1741822663.107578, "_runtime": 3854.230626106262, "_step": 44295, "logsumexp_h": 3.0880553381783624, "train_loss_safe": 0.003626973135396838, "train_loss_unsafe": 0.050351690500974655, "train_loss_grad": 0.2820741832256317, "train_loss_cql": 0.16669180989265442, "train_dynamics_loss": 0.010267269797623158, "train_cbf_loss": 0.5027446567546576, "train_total_loss": 0.5130119265522808, "train_avg_safe_B": 0.4863218665122986, "train_avg_unsafe_B": -0.6911889314651489, "train_safe_acc": 0.9813953638076782, "train_unsafe_acc": 0.8780487775802612, "step": 13999, "val_loss_safe": 0.0033321963099297138, "val_loss_unsafe": 0.05143788000568748, "val_loss_grad": 0.16280841454863548, "val_loss_cql": 0.16664447337388993, "val_cbf_loss": 0.21757849086425268, "val_avg_safe_B": 0.5004162982106208, "val_avg_unsafe_B": -0.6356186181306839, "val_safe_acc": 0.985873419046402, "val_unsafe_acc": 0.8876733392477035, "val_total_loss": 0.2365502725762781, "val_dynamics_loss": 0.018971781712025404, "_wandb": {"runtime": 3933}}