{"loss_lip": 0.0016662502894178033, "_timestamp": 1740891047.0726001, "_runtime": 17.637333154678345, "_step": 145, "train_loss_safe": 0.04298751428723335, "train_loss_unsafe": 0.2784539461135864, "train_loss_grad": 0.040478598326444626, "train_dynamics_loss": 2.4892449378967285, "train_cbf_loss": 0.3619200587272644, "train_total_loss": 2.851164996623993, "train_avg_safe_B": 0.05701248347759247, "train_avg_unsafe_B": 0.0541953407227993, "train_safe_acc": 1.0, "train_unsafe_acc": 0.0, "step": 72, "_wandb": {"runtime": 17}}