{"train_loss_safe": 0.008251342922449112, "train_loss_unsafe": 0.026519522070884705, "train_loss_grad": 0.03506632149219513, "train_loss_cql": 0.23842895030975342, "train_dynamics_loss": 0.008692599833011627, "train_cbf_loss": 0.30826613679528236, "train_total_loss": 0.316958736628294, "train_avg_safe_B": 0.07237394154071808, "train_avg_unsafe_B": -0.14904971420764923, "train_safe_acc": 0.9609755873680115, "train_unsafe_acc": 0.9215686321258545, "step": 44402, "_timestamp": 1741896784.403407, "_runtime": 11577.57295012474, "_step": 139276}