{"train_loss_safe": 0.00885901041328907, "train_loss_unsafe": 0.2659371793270111, "train_loss_grad": 0.0, "train_loss_cql": 0.0, "train_dynamics_loss": 0.27824535965919495, "train_cbf_loss": 0.2747961897403002, "train_total_loss": 0.5530415493994951, "train_avg_safe_B": 0.07124887406826019, "train_avg_unsafe_B": 0.07161428779363632, "train_safe_acc": 1.0, "train_unsafe_acc": 0.0, "step": 2, "_timestamp": 1744471390.916806, "_runtime": 15.8297119140625, "_step": 2, "_wandb": {"runtime": 15}}