{"train_loss_safe": 0.11347366124391556, "train_loss_unsafe": 0.22535908222198486, "train_loss_grad": 0.2528318166732788, "train_loss_cql": 0.0, "train_dynamics_loss": 0.0006360065890476108, "train_cbf_loss": 0.5916645601391792, "train_total_loss": 0.5923005667282268, "train_avg_safe_B": -0.029427669942378998, "train_avg_unsafe_B": -0.2581302225589752, "train_safe_acc": 0.47058823704719543, "train_unsafe_acc": 0.884765625, "step": 2715, "_timestamp": 1744664088.0449102, "_runtime": 596.8104252815247, "_step": 2724, "val_loss_safe": 0.09921125583350658, "val_loss_unsafe": 0.2431647628545761, "val_loss_grad": 0.20426806211471557, "val_loss_cql": 0.0, "val_cbf_loss": 0.5466440808027982, "val_avg_safe_B": -0.013594825356267392, "val_avg_unsafe_B": -0.24767358526587485, "val_safe_acc": 0.5207179129123688, "val_unsafe_acc": 0.8614257752895356, "val_total_loss": 0.5474114424519939, "val_dynamics_loss": 0.0007673616491956636, "_wandb": {"runtime": 601}}