{"loss_lip": 0.03396734967827797, "_timestamp": 1740891713.4149828, "_runtime": 205.90720987319946, "_step": 1690, "train_loss_safe": 0.05764341354370117, "train_loss_unsafe": 0.13763432204723358, "train_loss_grad": 0.10176900774240494, "train_dynamics_loss": 0.964934766292572, "train_cbf_loss": 0.2970467433333397, "train_total_loss": 1.2619815096259117, "train_avg_safe_B": 0.04327627271413803, "train_avg_unsafe_B": -0.05412743240594864, "train_safe_acc": 0.7297297120094299, "train_unsafe_acc": 0.9411764740943909, "step": 802, "val_loss_safe": 0.06702648438513278, "val_loss_unsafe": 0.14008214548230172, "val_loss_grad": 0.11083998009562493, "val_cbf_loss": 0.3179486099630594, "val_avg_safe_B": 0.03481564074754715, "val_avg_unsafe_B": -0.052281842567026615, "val_safe_acc": 0.6850209265947342, "val_unsafe_acc": 0.8877815067768097, "val_total_loss": 1.1743235919624566, "val_dynamics_loss": 0.8563749819993973, "_wandb": {"runtime": 205}}