{"loss_lip": 0.03260417282581329, "_timestamp": 1743887870.8926988, "_runtime": 770.0067708492279, "_step": 11293, "logsumexp_h": 2.393009901046753, "train_loss_safe": 0.04295380413532257, "train_loss_unsafe": 0.019995316863059998, "train_loss_grad": 0.13556168973445892, "train_loss_cql": 2.349731922149658, "train_dynamics_loss": 0.006135042291134596, "train_cbf_loss": 2.5482427328824997, "train_total_loss": 2.5543777751736343, "train_avg_safe_B": 0.037909675389528275, "train_avg_unsafe_B": -0.25150516629219055, "train_safe_acc": 0.8418803215026855, "train_unsafe_acc": 0.9545454382896423, "step": 3599, "val_loss_safe": 0.04187816698104143, "val_loss_unsafe": 0.03563934345729649, "val_loss_grad": 0.12469125315546989, "val_loss_cql": 2.3493364095687865, "val_cbf_loss": 0.2022087635938078, "val_avg_safe_B": 0.03945119259878993, "val_avg_unsafe_B": -0.2524557881057262, "val_safe_acc": 0.8639373898506164, "val_unsafe_acc": 0.9157926499843597, "val_total_loss": 0.21364278621040284, "val_dynamics_loss": 0.01143402261659503, "_wandb": {"runtime": 769}}