{"train_loss_safe": 0.023589052259922028, "train_loss_unsafe": 0.24407298862934113, "train_loss_grad": 0.0, "train_loss_cql": 0.0, "train_dynamics_loss": 0.24549290537834167, "train_cbf_loss": 0.26766204088926315, "train_total_loss": 0.5131549462676048, "train_avg_safe_B": 0.05641094967722893, "train_avg_unsafe_B": 0.0533941388130188, "train_safe_acc": 1.0, "train_unsafe_acc": 0.0, "step": 82, "_timestamp": 1744416642.446087, "_runtime": 21.29872179031372, "_step": 82, "_wandb": {"runtime": 20}}