{"train_loss_safe": 0.11524207890033722, "train_loss_unsafe": 0.1726146936416626, "train_loss_grad": 0.06658430397510529, "train_avg_safe_B": 0.011261356994509697, "train_avg_unsafe_B": -0.027656348422169685, "train_total_loss": 0.3544410765171051, "train_safe_acc": 0.5236051678657532, "train_unsafe_acc": 5.82608699798584, "step": 1216, "_timestamp": 1740341997.564954, "_runtime": 412.3126919269562, "_step": 1223, "val_loss_safe": 0.06847705088555812, "val_loss_unsafe": 0.14210131868720055, "val_loss_grad": 0.04422302395105362, "val_avg_safe_B": 0.07174033112823963, "val_avg_unsafe_B": -0.03445949793793261, "val_total_loss": 0.25480139352381226, "val_safe_acc": 0.02850393772125244, "val_unsafe_acc": 1.5, "_wandb": {"runtime": 416}}