{"train_loss_safe": 0.28394758701324463, "train_loss_unsafe": 0.0, "train_loss_grad": 0.3303660750389099, "train_avg_safe_B": -0.23394756019115448, "train_avg_unsafe_B": -0.22962702810764313, "train_total_loss": 0.6143136620521545, "step": 116, "_timestamp": 1740280770.318686, "_runtime": 132.28223395347595, "_step": 118, "val_loss_safe": 0.28896257042884826, "val_loss_unsafe": 0.07481498380191624, "val_loss_grad": 0.394250762462616, "val_avg_safe_B": -0.23896256297826768, "val_avg_unsafe_B": -0.22825504958629608, "val_total_loss": 0.7580283166933806, "_wandb": {"runtime": 132}}