{"loss_lip": 0.048179395496845245, "_timestamp": 1742602919.467177, "_runtime": 2966.7647829055786, "_step": 31049, "train_loss_safe": 0.0020304457284510136, "train_loss_unsafe": 0.0014205211773514748, "train_loss_grad": 0.057943884283304214, "train_loss_cql": 0.0, "train_dynamics_loss": 0.009685023687779903, "train_cbf_loss": 0.0613948511891067, "train_total_loss": 0.0710798748768866, "train_avg_safe_B": 0.468660444021225, "train_avg_unsafe_B": -0.29878634214401245, "train_safe_acc": 0.9872881174087524, "train_unsafe_acc": 1.0, "step": 14999, "val_loss_safe": 0.0039058057416696103, "val_loss_unsafe": 0.08402084512636065, "val_loss_grad": 0.1400190159678459, "val_loss_cql": 0.0, "val_cbf_loss": 0.2279456668358762, "val_avg_safe_B": 0.46229870468378065, "val_avg_unsafe_B": -0.243501528352499, "val_safe_acc": 0.9809355497360229, "val_unsafe_acc": 0.8595735907554627, "val_total_loss": 0.23368730621295983, "val_dynamics_loss": 0.00574163937708363, "_wandb": {"runtime": 3079}}