{"loss_lip": 0.06408792734146118, "_timestamp": 1741748814.381231, "_runtime": 3894.593516111374, "_step": 44295, "logsumexp_h": 2.8116674423217773, "train_loss_safe": 0.0009182028588838875, "train_loss_unsafe": 0.12378769367933273, "train_loss_grad": 7.286179542541504, "train_loss_cql": 2.1681041717529297, "train_dynamics_loss": 2.1823456287384033, "train_cbf_loss": 9.57898961083265, "train_total_loss": 11.761335239571054, "train_avg_safe_B": 0.6582043766975403, "train_avg_unsafe_B": -0.15348714590072632, "train_safe_acc": 0.9956521987915039, "train_unsafe_acc": 0.807692289352417, "step": 13999, "val_loss_safe": 0.002610806265147403, "val_loss_unsafe": 0.11176879554986954, "val_loss_grad": 8.487836742401123, "val_loss_cql": 2.1379973769187925, "val_cbf_loss": 8.60221634421614, "val_avg_safe_B": 0.6730320185422898, "val_avg_unsafe_B": -0.16064960919320584, "val_safe_acc": 0.9884285300970077, "val_unsafe_acc": 0.838601753115654, "val_total_loss": 11.138778155186447, "val_dynamics_loss": 2.5365618109703063, "_wandb": {"runtime": 3974}}