{"train_loss_safe": 0.18634244799613953, "train_loss_unsafe": 0.09380397200584412, "train_loss_grad": 0.14082448184490204, "train_avg_safe_B": -0.06634245067834854, "train_avg_unsafe_B": -0.06788668036460876, "train_total_loss": 0.4209709018468857, "train_safe_acc": 0.0, "train_unsafe_acc": 19.69230842590332, "step": 16, "_timestamp": 1740342058.525192, "_runtime": 41.46310997009277, "_step": 17, "val_loss_safe": 0.15257386445999147, "val_loss_unsafe": 0.14625762403011322, "val_loss_grad": 0.16218894481658935, "val_avg_safe_B": -0.032573867812752726, "val_avg_unsafe_B": -0.03154575979337096, "val_total_loss": 0.461020433306694, "val_safe_acc": 0.005039370059967041, "val_unsafe_acc": 4.48, "_wandb": {"runtime": 44}}