{"loss_lip": 0.00019288569455966353, "_timestamp": 1740860514.2755241, "_runtime": 12.29655122756958, "_step": 0, "_wandb": {"runtime": 11}}