{"train_loss_safe": 0.01924848183989525, "train_loss_unsafe": 0.09728768467903137, "train_loss_grad": 0.1922517865896225, "train_loss_cql": 0.0, "train_dynamics_loss": 0.00022352034284267575, "train_cbf_loss": 0.3087879531085491, "train_total_loss": 0.3090114734513918, "train_avg_safe_B": 0.10633419454097748, "train_avg_unsafe_B": -0.16390880942344666, "train_safe_acc": 0.9055117964744568, "train_unsafe_acc": 0.7205020785331726, "step": 14999, "_timestamp": 1744426739.878468, "_runtime": 8570.870521068573, "_step": 15049, "val_loss_safe": 0.01694073947146535, "val_loss_unsafe": 0.09633858054876328, "val_loss_grad": 0.14190755225718021, "val_loss_cql": 0.0, "val_cbf_loss": 0.2551868722774088, "val_avg_safe_B": 0.10768599808216095, "val_avg_unsafe_B": -0.16673645228147507, "val_safe_acc": 0.9195907354354859, "val_unsafe_acc": 0.7123676061630249, "val_total_loss": 0.2555627865367569, "val_dynamics_loss": 0.00037591425934806465, "_wandb": {"runtime": 8650}}