{"loss_lip": 0.03211420029401779, "_timestamp": 1740891817.74704, "_runtime": 81.6999659538269, "_step": 848, "train_loss_safe": 0.0312766395509243, "train_loss_unsafe": 0.09496814012527466, "train_loss_grad": 0.04606761783361435, "train_dynamics_loss": 0.0269617922604084, "train_cbf_loss": 0.1723123975098133, "train_total_loss": 0.1992741897702217, "train_avg_safe_B": 0.0732390359044075, "train_avg_unsafe_B": -0.09820342808961868, "train_safe_acc": 0.8706896305084229, "train_unsafe_acc": 0.8333333134651184, "step": 402, "val_loss_safe": 0.03311019884422421, "val_loss_unsafe": 0.0922075274400413, "val_loss_grad": 0.04742366028949618, "val_cbf_loss": 0.1727413865737617, "val_avg_safe_B": 0.07244178615510463, "val_avg_unsafe_B": -0.10161578617990016, "val_safe_acc": 0.8678281456232071, "val_unsafe_acc": 0.7882012456655503, "val_total_loss": 0.2044419459067285, "val_dynamics_loss": 0.0317005593329668, "_wandb": {"runtime": 81}}