{"train_loss_safe": 0.00027317044441588223, "train_loss_unsafe": 0.02385076880455017, "train_loss_grad": 0.005603642202913761, "train_dynamics_loss": 0.028209401294589043, "train_cbf_loss": 0.029727581451879814, "train_total_loss": 0.05793698274646886, "train_avg_safe_B": 0.022119082510471344, "train_avg_unsafe_B": -0.001016309135593474, "train_safe_acc": 0.9912280440330505, "train_unsafe_acc": 0.5714285969734192, "step": 3799, "_timestamp": 1740591133.3804128, "_runtime": 1323.1720218658447, "_step": 3817, "val_loss_safe": 0.000409687303181272, "val_loss_unsafe": 0.02223586682230234, "val_loss_grad": 0.00846325799357146, "val_cbf_loss": 0.03110881211905507, "val_avg_safe_B": 0.022500910330563784, "val_avg_unsafe_B": -0.0030626693449448796, "val_safe_acc": 0.9883678317070007, "val_unsafe_acc": 0.513277580589056, "val_total_loss": 0.042684027964423873, "val_dynamics_loss": 0.011575215845368803, "_wandb": {"runtime": 1326}}