{"loss_lip": 0.06435892730951309, "_timestamp": 1741765002.5986948, "_runtime": 4010.1604828834534, "_step": 44295, "logsumexp_h": 2.134706974029541, "train_loss_safe": 0.05650901794433594, "train_loss_unsafe": 0.025441821664571762, "train_loss_grad": 0.3864544928073883, "train_loss_cql": 1.0176658630371094, "train_dynamics_loss": 0.007079379633069038, "train_cbf_loss": 1.4860711954534054, "train_total_loss": 1.4931505750864744, "train_avg_safe_B": 0.06692174822092056, "train_avg_unsafe_B": -0.32331201434135437, "train_safe_acc": 0.7782608866691589, "train_unsafe_acc": 0.9615384340286255, "step": 13999, "val_loss_safe": 0.0555397879332304, "val_loss_unsafe": 0.01515665344777517, "val_loss_grad": 0.4481282517313957, "val_loss_cql": 1.014623510837555, "val_cbf_loss": 0.5188246931124013, "val_avg_safe_B": 0.06119127739220857, "val_avg_unsafe_B": -0.37171020209789274, "val_safe_acc": 0.797263902425766, "val_unsafe_acc": 0.9557877451181411, "val_total_loss": 0.5237670412927401, "val_dynamics_loss": 0.0049423481803387405, "_wandb": {"runtime": 4089}}