{"train_loss": 0.6880438923835754, "step": 300, "_timestamp": 1740270020.103183, "_runtime": 237.80202412605286, "_step": 304, "eval_loss": 0.8007282078266144, "_wandb": {"runtime": 237}}