{"loss_lip": 0.12132149934768677, "_timestamp": 1741773261.586537, "_runtime": 3967.902668952942, "_step": 44295, "logsumexp_h": 2.9291411808558876, "train_loss_safe": 0.00890330970287323, "train_loss_unsafe": 0.11571784317493439, "train_loss_grad": 0.33390867710113525, "train_loss_cql": 1.4015098810195923, "train_dynamics_loss": 0.007079379633069038, "train_cbf_loss": 1.8600397109985352, "train_total_loss": 1.8671190906316042, "train_avg_safe_B": 0.6911258101463318, "train_avg_unsafe_B": -0.43640583753585815, "train_safe_acc": 0.9739130139350891, "train_unsafe_acc": 0.8461538553237915, "step": 13999, "val_loss_safe": 0.01055777509463951, "val_loss_unsafe": 0.06655051480047405, "val_loss_grad": 0.3937826968729496, "val_loss_cql": 1.3928066313266754, "val_cbf_loss": 0.4708909867680632, "val_avg_safe_B": 0.6781937062740326, "val_avg_unsafe_B": -0.47285832464694977, "val_safe_acc": 0.9634234070777893, "val_unsafe_acc": 0.9168420732021332, "val_total_loss": 0.4758333349484019, "val_dynamics_loss": 0.0049423481803387405, "_wandb": {"runtime": 4047}}