{"loss_lip": 0.029846591874957085, "_timestamp": 1742596946.9776692, "_runtime": 2909.777714252472, "_step": 12451, "train_loss_safe": 0.003399547655135393, "train_loss_unsafe": 0.05122010037302971, "train_loss_grad": 0.0796610414981842, "train_loss_cql": 0.0, "train_dynamics_loss": 0.021613240242004395, "train_cbf_loss": 0.1342806895263493, "train_total_loss": 0.1558939297683537, "train_avg_safe_B": 0.31672826409339905, "train_avg_unsafe_B": -0.5984644889831543, "train_safe_acc": 0.9803921580314636, "train_unsafe_acc": 0.8846153616905212, "step": 6015, "val_loss_safe": 0.004214990581385791, "val_loss_unsafe": 0.057386377826333046, "val_loss_grad": 0.13587798923254013, "val_loss_cql": 0.0, "val_cbf_loss": 0.19747935764025898, "val_avg_safe_B": 0.31882658451795576, "val_avg_unsafe_B": -0.4833262339234352, "val_safe_acc": 0.9811148673295975, "val_unsafe_acc": 0.8497824907302857, "val_total_loss": 0.22044956625904888, "val_dynamics_loss": 0.02297020861878991, "_wandb": {"runtime": 2911}}