{"loss_lip": 0.021776167675852776, "_timestamp": 1741783747.325723, "_runtime": 3517.3618688583374, "_step": 44295, "logsumexp_h": 2.5687694549560547, "train_loss_safe": 0.00697513110935688, "train_loss_unsafe": 0.048541709780693054, "train_loss_grad": 0.07365682721138, "train_loss_cql": 0.1661861538887024, "train_dynamics_loss": 0.007079379633069038, "train_cbf_loss": 0.29535982199013233, "train_total_loss": 0.30243920162320137, "train_avg_safe_B": 0.13757070899009705, "train_avg_unsafe_B": -0.15961576998233795, "train_safe_acc": 0.95652174949646, "train_unsafe_acc": 0.8846153616905212, "step": 13999, "val_loss_safe": 0.007318323478102684, "val_loss_unsafe": 0.033038768963888285, "val_loss_grad": 0.06615956146270037, "val_loss_cql": 0.16636544242501258, "val_cbf_loss": 0.10651665390469134, "val_avg_safe_B": 0.13556905463337898, "val_avg_unsafe_B": -0.17929402738809586, "val_safe_acc": 0.964631301164627, "val_unsafe_acc": 0.8961093246936798, "val_total_loss": 0.11145900208503008, "val_dynamics_loss": 0.0049423481803387405, "_wandb": {"runtime": 3597}}