{"train_loss_safe": 0.10785015672445297, "train_loss_unsafe": 0.14610588550567627, "train_loss_grad": 0.0931001752614975, "train_avg_safe_B": -0.004996691830456257, "train_avg_unsafe_B": -0.1179988831281662, "train_total_loss": 0.34705621749162674, "train_safe_acc": 0.5423728823661804, "train_unsafe_acc": 0.6000000238418579, "step": 2800, "_timestamp": 1740373621.820266, "_runtime": 1032.3424990177155, "_step": 2815, "val_loss_safe": 0.09168006405234337, "val_loss_unsafe": 0.13083410328254103, "val_loss_grad": 0.07676709182560444, "val_avg_safe_B": 0.013203169772168621, "val_avg_unsafe_B": -0.0903786510694772, "val_total_loss": 0.2992812591604888, "val_safe_acc": 0.6259582281112671, "val_unsafe_acc": 0.657857146859169, "_wandb": {"runtime": 1055}}