{"train_loss_safe": 0.0007620139513164759, "train_loss_unsafe": 0.25267937779426575, "train_loss_grad": 0.0059198541566729546, "train_avg_safe_B": 0.0502307265996933, "train_avg_unsafe_B": 0.04879198595881462, "train_total_loss": 0.2593612459022552, "step": 116, "_timestamp": 1740279615.8904252, "_runtime": 126.16764712333679, "_step": 118, "val_loss_safe": 0.0015368040569592267, "val_loss_unsafe": 0.055340425428003076, "val_loss_grad": 0.007801272748038173, "val_avg_safe_B": 0.04897277161478996, "val_avg_unsafe_B": 0.046813680827617644, "val_total_loss": 0.06467850223300048, "_wandb": {"runtime": 128}}