{"train_loss_safe": 0.06800273060798645, "train_loss_unsafe": 0.3090478777885437, "train_loss_grad": 0.05137123540043831, "train_avg_safe_B": 0.0352201908826828, "train_avg_unsafe_B": 0.017729151993989944, "train_total_loss": 0.42842184379696846, "train_safe_acc": 0.7203390002250671, "train_unsafe_acc": 0.30000001192092896, "step": 3216, "_timestamp": 1740374146.2093089, "_runtime": 1133.8794779777527, "_step": 3233, "val_loss_safe": 0.07451708447188139, "val_loss_unsafe": 0.21208941284567118, "val_loss_grad": 0.07083811517804861, "val_avg_safe_B": 0.02838665572926402, "val_avg_unsafe_B": -0.058282355614937845, "val_total_loss": 0.35744461249560117, "val_safe_acc": 0.6971342891454697, "val_unsafe_acc": 0.6471428602933884, "_wandb": {"runtime": 1138}}