{"train_loss_safe": 0.17276684939861298, "train_loss_unsafe": 0.05368151143193245, "train_loss_grad": 0.14695081114768982, "train_avg_safe_B": -0.07276685535907745, "train_avg_unsafe_B": -0.0742596760392189, "train_total_loss": 0.37339917197823524, "train_safe_acc": 0.0, "train_unsafe_acc": 19.69230842590332, "step": 16, "_timestamp": 1740340636.390795, "_runtime": 36.73905110359192, "_step": 17, "val_loss_safe": 0.1331069752573967, "val_loss_unsafe": 0.12386065974831581, "val_loss_grad": 0.16263511538505554, "val_avg_safe_B": -0.03310640387237072, "val_avg_unsafe_B": -0.0320696709677577, "val_total_loss": 0.41960275039076805, "val_safe_acc": 0.004881890024989843, "val_unsafe_acc": 4.5, "_wandb": {"runtime": 38}}