{"train_loss_safe": 0.010710087604820728, "train_loss_unsafe": 0.2635655105113983, "train_loss_grad": 0.0, "train_loss_cql": 0.0, "train_dynamics_loss": 0.28778010606765747, "train_cbf_loss": 0.27427559811621904, "train_total_loss": 0.5620557041838765, "train_avg_safe_B": 0.06929546594619751, "train_avg_unsafe_B": 0.06963790208101273, "train_safe_acc": 1.0, "train_unsafe_acc": 0.0, "step": 9, "_timestamp": 1744416799.045184, "_runtime": 14.946419954299927, "_step": 9, "_wandb": {"runtime": 14}}