{"loss_lip": 0.0, "_timestamp": 1740968446.177724, "_runtime": 1459.8520288467407, "_step": 11417, "train_loss_safe": 0.006949972361326218, "train_loss_unsafe": 0.09025686234235764, "train_loss_grad": 0.09354589879512787, "train_loss_cql": 0.0, "train_dynamics_loss": 0.017261287197470665, "train_cbf_loss": 0.19075273349881172, "train_total_loss": 0.2080140206962824, "train_avg_safe_B": 0.6818642616271973, "train_avg_unsafe_B": -0.6736114025115967, "train_safe_acc": 0.9658119678497314, "train_unsafe_acc": 0.9090909361839294, "step": 5424, "val_loss_safe": 0.0067239913390949365, "val_loss_unsafe": 0.09284647759050131, "val_loss_grad": 0.35855596140027046, "val_loss_cql": 0.0, "val_cbf_loss": 0.4581264303298667, "val_avg_safe_B": 0.6857679963111878, "val_avg_unsafe_B": -0.5530358180403709, "val_safe_acc": 0.9794424414634705, "val_unsafe_acc": 0.8818648129701614, "val_total_loss": 0.46694965828210117, "val_dynamics_loss": 0.008823227952234447, "_wandb": {"runtime": 1459}}