{"loss_lip": 0.08655599504709244, "_timestamp": 1740955793.783566, "_runtime": 4365.049913883209, "_step": 48074, "logsumexp_h": {"_type": "histogram", "values": [1, 0, 0, 0, 0, 0, 0, 0, 0, 1, 1, 0, 1, 2, 2, 0, 0, 0, 4, 6, 13, 9, 7, 2, 0, 2, 9, 24, 19, 5, 3, 4], "bins": [2.2567861080169678, 2.265585422515869, 2.2743844985961914, 2.2831838130950928, 2.291982889175415, 2.3007822036743164, 2.3095815181732178, 2.31838059425354, 2.3271799087524414, 2.3359789848327637, 2.344778299331665, 2.3535776138305664, 2.3623766899108887, 2.37117600440979, 2.3799750804901123, 2.3887743949890137, 2.397573471069336, 2.4063727855682373, 2.4151721000671387, 2.423971176147461, 2.4327704906463623, 2.4415695667266846, 2.450368881225586, 2.4591681957244873, 2.4679672718048096, 2.476766586303711, 2.485565662384033, 2.4943649768829346, 2.503164291381836, 2.511963367462158, 2.5207626819610596, 2.529561758041382, 2.538361072540283]}, "train_loss_safe": 0.028962859883904457, "train_loss_unsafe": 0.10578283667564392, "train_loss_grad": 0.01876559667289257, "train_loss_cql": 0.21571294963359833, "train_dynamics_loss": 0.025683633983135223, "train_cbf_loss": 0.3692242428660393, "train_total_loss": 0.3949078768491745, "train_avg_safe_B": 0.0720200464129448, "train_avg_unsafe_B": -0.07157689332962036, "train_safe_acc": 0.9829059839248657, "train_unsafe_acc": 0.6363636255264282, "step": 14999, "val_loss_safe": 0.031133280880749226, "val_loss_unsafe": 0.09881753139197827, "val_loss_grad": 0.016625385626684874, "val_loss_cql": 0.21566856205463408, "val_cbf_loss": 0.3622447599540465, "val_avg_safe_B": 0.07022401392459869, "val_avg_unsafe_B": -0.07758167488500475, "val_safe_acc": 0.9607508093118667, "val_unsafe_acc": 0.7834157347679138, "val_total_loss": 0.36724202426848934, "val_dynamics_loss": 0.004997264314442873, "_wandb": {"runtime": 4444}}