{"train_loss_safe": 0.22762750089168549, "train_loss_unsafe": 0.009801276959478855, "train_loss_grad": 0.24537962675094604, "train_dynamics_loss": 0.8129727244377136, "train_cbf_loss": 0.4828084046021104, "train_total_loss": 1.295781129039824, "train_avg_safe_B": -0.12762749195098877, "train_avg_unsafe_B": -0.1454438418149948, "train_safe_acc": 0.0, "train_unsafe_acc": 1.0, "step": 199, "_timestamp": 1740443314.722327, "_runtime": 19.273442029953003, "_step": 199, "_wandb": {"runtime": 33}}