{"loss_lip": 0.021249093115329742, "_timestamp": 1741787927.711487, "_runtime": 3592.6973531246185, "_step": 44295, "logsumexp_h": 2.5788750648498535, "train_loss_safe": 0.00926133245229721, "train_loss_unsafe": 0.030970584601163864, "train_loss_grad": 0.11169802397489548, "train_loss_cql": 0.11894140392541885, "train_dynamics_loss": 0.010267269797623158, "train_cbf_loss": 0.2708713449537754, "train_total_loss": 0.28113861475139856, "train_avg_safe_B": 0.09768087416887283, "train_avg_unsafe_B": -0.5837531685829163, "train_safe_acc": 0.9627906680107117, "train_unsafe_acc": 0.9268292784690857, "step": 13999, "val_loss_safe": 0.0068383356439881025, "val_loss_unsafe": 0.03041437310166657, "val_loss_grad": 0.06323827784508466, "val_loss_cql": 0.11897192597389221, "val_cbf_loss": 0.10049098659073934, "val_avg_safe_B": 0.10166117697954177, "val_avg_unsafe_B": -0.5381232425570488, "val_safe_acc": 0.9750116556882858, "val_unsafe_acc": 0.9184008777141571, "val_total_loss": 0.11946276830276474, "val_dynamics_loss": 0.018971781712025404, "_wandb": {"runtime": 3672}}