{"train_loss_safe": 8.092937059700489e-05, "train_loss_unsafe": 0.014115219935774803, "train_loss_grad": 0.01605498604476452, "train_avg_safe_B": 0.1831180900335312, "train_avg_unsafe_B": 0.17796124517917633, "train_total_loss": 0.030251135351136327, "step": 16, "_timestamp": 1740278158.686601, "_runtime": 39.03924894332886, "_step": 17, "val_loss_safe": 0.096203668192029, "val_loss_unsafe": 0.001153706748445984, "val_loss_grad": 0.01175879368558526, "val_avg_safe_B": 0.0027013298192468936, "val_avg_unsafe_B": 0.0020121414921595716, "val_total_loss": 0.10911616862606024, "_wandb": {"runtime": 40}}