{"loss_lip": 0.14579597115516663, "_timestamp": 1746057549.225384, "_runtime": 3497.317682981491, "_step": 47049, "logsumexp_h": 2.739495038986206, "train_loss_safe": 0.02173551730811596, "train_loss_unsafe": 0.12737523019313812, "train_loss_grad": 0.3714199662208557, "train_loss_cql": 1.9838546514511108, "train_dynamics_loss": 0.0015535115962848067, "train_cbf_loss": 2.5043853651732206, "train_total_loss": 2.5059388767695054, "train_avg_safe_B": 0.7395214438438416, "train_avg_unsafe_B": -0.5148150324821472, "train_safe_acc": 0.9578059315681458, "train_unsafe_acc": 0.8421052694320679, "step": 14999, "val_loss_safe": 0.018688213056884707, "val_loss_unsafe": 0.0679071250720881, "val_loss_grad": 0.34945502653717997, "val_loss_cql": 2.0186902463436125, "val_cbf_loss": 0.43605036466615277, "val_avg_safe_B": 0.7202223688364029, "val_avg_unsafe_B": -0.6913602501153946, "val_safe_acc": 0.9579687267541885, "val_unsafe_acc": 0.9115797430276871, "val_total_loss": 0.4410404270514846, "val_dynamics_loss": 0.004990062385331839, "_wandb": {"runtime": 3576}}