{"train_loss_safe": 0.022765854373574257, "train_loss_unsafe": 0.08962314575910568, "train_loss_grad": 0.16527152061462402, "train_loss_cql": 0.0, "train_dynamics_loss": 0.010755236260592937, "train_cbf_loss": 0.27766052074730396, "train_total_loss": 0.2884157570078969, "train_avg_safe_B": 0.10958871990442276, "train_avg_unsafe_B": -0.1579325646162033, "train_safe_acc": 0.890625, "train_unsafe_acc": 0.7544715404510498, "step": 14999, "_timestamp": 1744517407.5081532, "_runtime": 4183.011160135269, "_step": 15049, "val_loss_safe": 0.017138210777193307, "val_loss_unsafe": 0.09475381560623646, "val_loss_grad": 0.2052806496620178, "val_loss_cql": 0.0, "val_cbf_loss": 0.3171726760454476, "val_avg_safe_B": 0.12059203833341599, "val_avg_unsafe_B": -0.13762714490294456, "val_safe_acc": 0.9258385598659515, "val_unsafe_acc": 0.7383524268865586, "val_total_loss": 0.3276146672433242, "val_dynamics_loss": 0.010441991197876633, "_wandb": {"runtime": 4308}}