{"loss_lip": 0.08898095786571503, "_timestamp": 1740937698.83169, "_runtime": 4313.762269020081, "_step": 48074, "logsumexp_h": {"_type": "histogram", "values": [1, 0, 0, 0, 0, 0, 0, 0, 0, 0, 1, 1, 1, 2, 1, 1, 0, 1, 2, 5, 10, 8, 6, 7, 2, 1, 5, 16, 20, 17, 1, 6], "bins": [2.1378443241119385, 2.1535918712615967, 2.169339656829834, 2.185087203979492, 2.2008347511291504, 2.2165822982788086, 2.232329845428467, 2.248077630996704, 2.2638251781463623, 2.2795727252960205, 2.295320510864258, 2.311068058013916, 2.326815605163574, 2.3425631523132324, 2.3583106994628906, 2.374058485031128, 2.389806032180786, 2.4055535793304443, 2.4213013648986816, 2.43704891204834, 2.452796459197998, 2.4685440063476562, 2.4842915534973145, 2.5000393390655518, 2.51578688621521, 2.531534433364868, 2.5472822189331055, 2.5630297660827637, 2.578777313232422, 2.59452486038208, 2.6102724075317383, 2.6260201930999756, 2.641767740249634]}, "train_loss_safe": 0.029376408085227013, "train_loss_unsafe": 0.10510484874248505, "train_loss_grad": 0.01940280571579933, "train_loss_cql": 0.1198151707649231, "train_dynamics_loss": 0.025683633983135223, "train_cbf_loss": 0.2736992333084345, "train_total_loss": 0.2993828672915697, "train_avg_safe_B": 0.07163830101490021, "train_avg_unsafe_B": -0.07238444685935974, "train_safe_acc": 0.9829059839248657, "train_unsafe_acc": 0.6363636255264282, "step": 14999, "val_loss_safe": 0.03154085725545883, "val_loss_unsafe": 0.0980950191617012, "val_loss_grad": 0.01646560209337622, "val_loss_cql": 0.11976202242076397, "val_cbf_loss": 0.26586350093130023, "val_avg_safe_B": 0.06993666775524617, "val_avg_unsafe_B": -0.07820322951301932, "val_safe_acc": 0.9571755737066269, "val_unsafe_acc": 0.7825823992490768, "val_total_loss": 0.2708607652457431, "val_dynamics_loss": 0.004997264314442873, "_wandb": {"runtime": 4393}}