{"unsafe_count": 577, "_timestamp": 1744406168.829932, "_runtime": 168.32320404052734, "_step": 2244, "loss_lip": 0.0213927049189806, "train_loss_safe": 0.021436525508761406, "train_loss_unsafe": 0.1292879283428192, "train_loss_grad": 0.02509831264615059, "train_loss_cql": 0.0, "train_dynamics_loss": 0.005809170659631491, "train_cbf_loss": 0.1758227664977312, "train_total_loss": 0.1816319371573627, "train_avg_safe_B": 0.05964893102645874, "train_avg_unsafe_B": -0.06382652372121811, "train_safe_acc": 0.93359375, "train_unsafe_acc": 0.5875216722488403, "step": 720, "val_loss_safe": 0.025989080406725408, "val_loss_unsafe": 0.13620716333389282, "val_loss_grad": 0.042296926584094764, "val_loss_cql": 0.0, "val_cbf_loss": 0.20449317032471298, "val_avg_safe_B": 0.055292537435889244, "val_avg_unsafe_B": -0.051155298762023446, "val_safe_acc": 0.9238966941833496, "val_unsafe_acc": 0.5728066831827163, "val_total_loss": 0.21272245198488235, "val_dynamics_loss": 0.008229281660169363, "_wandb": {"runtime": 167}}