{"train_loss_safe": 0.11396367847919464, "train_loss_unsafe": 0.05802052095532417, "train_loss_grad": 0.08125875145196915, "train_avg_safe_B": -0.01197404507547617, "train_avg_unsafe_B": -0.07491585612297058, "train_total_loss": 0.25324295088648796, "train_safe_acc": 0.4244897961616516, "train_unsafe_acc": 13.818181991577148, "step": 1016, "_timestamp": 1740341480.498067, "_runtime": 356.0253059864044, "_step": 1022, "val_loss_safe": 0.07107290722429753, "val_loss_unsafe": 0.0999839424341917, "val_loss_grad": 0.05411731712520122, "val_avg_safe_B": 0.03502165675163269, "val_avg_unsafe_B": -0.044036822549533096, "val_total_loss": 0.22517416678369045, "val_safe_acc": 0.025725491046905517, "val_unsafe_acc": 3.68, "_wandb": {"runtime": 359}}