{"train_loss": 0.576201319694519, "step": 4200, "_timestamp": 1740097786.009089, "_runtime": 2392.586133003235, "_step": 4242, "eval_loss": 0.6475590807199478, "_wandb": {"runtime": 2560}}