{"loss_lip": 0.034976471215486526, "_timestamp": 1740854922.621063, "_runtime": 5164.087615013123, "_step": 40447, "train_loss_safe": 0.01530701294541359, "train_loss_unsafe": 0.06441903859376907, "train_loss_grad": 0.0790572389960289, "train_dynamics_loss": 0.005316032096743584, "train_cbf_loss": 0.15878329053521156, "train_total_loss": 0.16409932263195515, "train_avg_safe_B": 0.10049120336771011, "train_avg_unsafe_B": -0.08490081131458282, "train_safe_acc": 0.9572649598121643, "train_unsafe_acc": 0.7272727489471436, "step": 19215, "val_loss_safe": 0.00884963534772396, "val_loss_unsafe": 0.042226996971294284, "val_loss_grad": 0.06390651417896151, "val_cbf_loss": 0.11498314649797975, "val_avg_safe_B": 0.11071401238441467, "val_avg_unsafe_B": -0.11144807264208793, "val_safe_acc": 0.9707218170166015, "val_unsafe_acc": 0.8630661010742188, "val_total_loss": 0.12044736552052199, "val_dynamics_loss": 0.005464219022542238, "_wandb": {"runtime": 5168}}