{"loss_lip": 0.05052317678928375, "_timestamp": 1742609803.912915, "_runtime": 2933.6327719688416, "_step": 31049, "train_loss_safe": 0.0030509564094245434, "train_loss_unsafe": 0.059910986572504044, "train_loss_grad": 0.09161628037691116, "train_loss_cql": 0.0, "train_dynamics_loss": 0.0037274572532624006, "train_cbf_loss": 0.15457822335883975, "train_total_loss": 0.15830568061210215, "train_avg_safe_B": 0.5147165656089783, "train_avg_unsafe_B": -0.14795292913913727, "train_safe_acc": 0.9871794581413269, "train_unsafe_acc": 0.8636363744735718, "step": 14999, "val_loss_safe": 0.004458301851991564, "val_loss_unsafe": 0.04965806748950854, "val_loss_grad": 0.18150412179529668, "val_loss_cql": 0.0, "val_cbf_loss": 0.23562049113679678, "val_avg_safe_B": 0.5241809040307999, "val_avg_unsafe_B": -0.16599103957414627, "val_safe_acc": 0.9780835300683975, "val_unsafe_acc": 0.9088777512311935, "val_total_loss": 0.2402661320869811, "val_dynamics_loss": 0.004645640950184315, "_wandb": {"runtime": 3013}}