{"train_loss": 1.0678844451904297, "step": 16, "_timestamp": 1740094714.383478, "_runtime": 75.52819800376892, "_step": 17, "eval_loss": 1.3930635178089141, "_wandb": {"runtime": 78}}