{"train_loss_safe": 0.15398472547531128, "train_loss_unsafe": 0.10867727547883987, "train_loss_grad": 0.09539394825696945, "train_avg_safe_B": -0.03398473188281059, "train_avg_unsafe_B": -0.059623729437589645, "train_total_loss": 0.3580559492111206, "train_safe_acc": 0.23265306651592255, "train_unsafe_acc": 18.090909957885742, "step": 416, "_timestamp": 1740342751.605123, "_runtime": 204.02471709251404, "_step": 419, "val_loss_safe": 0.13216609120368958, "val_loss_unsafe": 0.1081412785872817, "val_loss_grad": 0.07768701463937759, "val_avg_safe_B": -0.012166094649583101, "val_avg_unsafe_B": -0.055740286372601984, "val_total_loss": 0.3179943844303489, "val_safe_acc": 0.009019607901573181, "val_unsafe_acc": 2.82, "_wandb": {"runtime": 206}}