{"val_loss_safe": 0.00424498695647344, "val_loss_unsafe": 0.02246134909801185, "val_loss_grad": 0.03634147129487246, "val_loss_cql": 0.0, "val_cbf_loss": 0.06304780734935775, "val_avg_safe_B": 0.10814291052520275, "val_avg_unsafe_B": -0.5702270328998565, "val_safe_acc": 0.9804357141256332, "val_unsafe_acc": 0.9438342869281768, "val_total_loss": 0.07654267059406265, "val_dynamics_loss": 0.013494863244704901, "_timestamp": 1741853952.02219, "_runtime": 6847.634356021881, "_step": 75761}