{"train_loss_safe": 0.03774477541446686, "train_loss_unsafe": 0.2792331576347351, "train_loss_grad": 0.002630812581628561, "train_dynamics_loss": 1.1941461563110352, "train_cbf_loss": 0.3196087456308305, "train_total_loss": 1.5137549019418657, "train_avg_safe_B": 0.06225522607564926, "train_avg_unsafe_B": 0.06479474902153015, "train_safe_acc": 1.0, "train_unsafe_acc": 0.0, "step": 199, "_timestamp": 1740446651.856899, "_runtime": 20.662344932556152, "_step": 199, "_wandb": {"runtime": 36}}