{"loss_lip": 0.03512171655893326, "_timestamp": 1745789321.3886862, "_runtime": 619.4283480644226, "_step": 6862, "train_loss_safe": 0.0030667311511933804, "train_loss_unsafe": 0.029826480895280838, "train_loss_grad": 0.11732202023267746, "train_loss_cql": 0.0, "train_dynamics_loss": 0.004896058235317469, "train_cbf_loss": 0.15021523227915168, "train_total_loss": 0.15511129051446915, "train_avg_safe_B": 0.23264116048812866, "train_avg_unsafe_B": -0.196609765291214, "train_safe_acc": 0.9788135886192322, "train_unsafe_acc": 0.949999988079071, "step": 3315, "val_loss_safe": 0.0045927180966828015, "val_loss_unsafe": 0.07631558002904057, "val_loss_grad": 0.0936143534258008, "val_loss_cql": 0.0, "val_cbf_loss": 0.17452265155152416, "val_avg_safe_B": 0.23532030805945398, "val_avg_unsafe_B": -0.19457788132131099, "val_safe_acc": 0.9773488521575928, "val_unsafe_acc": 0.816302141547203, "val_total_loss": 0.18311038094689136, "val_dynamics_loss": 0.008587729395367205, "_wandb": {"runtime": 624}}